,곡명,아티스트,앨범명,페이지
1,그리워하다,비투비,Brother Act.,1
2,MOVIE,비투비,Feel'eM,1
3,너 없인 안 된다,비투비,THIS IS US,1
4,봄날의 기억,비투비,Remember That,1
5,기도(I'll Be Your Man),비투비,NEW MEN,1
6,아름답고도 아프구나,비투비,HOUR MOMENT,1
7,두 번째 고백,비투비,두 번째 고백,1
8,언젠가 (SOMEDAY),비투비,Feel'eM,1
9,괜찮아요,비투비,Complete,1
10,나의 바람 (Wind And Wish),비투비,WIND AND WISH,1
11,울어도 돼,비투비,The Winter's Tale,1
12,노래 (The Song),비투비,Be Together,1
13,Friend,비투비,HOUR MOMENT,1
14,집으로 가는 길,비투비,I Mean,1
15,울면 안 돼,비투비,The Winter's Tale,1
16,The Feeling,비투비,THIS IS US,1
17,우리 다시,비투비,우리 다시,1
18,Higher,비투비,Be Together,1
19,뛰뛰빵빵,비투비,뛰뛰빵빵,1
20,Blue Moon,비투비,THIS IS US,1
21,봄이 피어나,비투비,Be Together,1
22,Outsider,비투비,4U : OUTSIDE,1
23,제발,비투비,HOUR MOMENT,1
24,취해,비투비,NEW MEN,1
25,신바람,비투비,Brother Act.,1
26,피날레 (Show And Prove),비투비,4U : OUTSIDE,1
27,My Lady,비투비,Brother Act.,1
28,크리스마스 노래,포미닛(4minute),크리스마스 노래,1
29,Call me,비투비,THIS IS US,1
30,스릴러,비투비,스릴러,1
31,WOW,비투비,Press Play,1
32,Killing Me,비투비,Remember That,1
33,우리 (Be Together),비투비,Be Together,1
34,여행 가고 싶어,비투비,여행 가고 싶어,1
35,비밀 (Insane),비투비,Born To Beat,1
36,ABOUT TIME,비투비,Feel'eM,1
37,Heaven,비투비,WIND AND WISH,1
38,크리스마스라서,비투비,The Winter's Tale,1
39,Finale : 우리들의 콘서트,비투비,Brother Act.,1
40,새빨간 거짓말,비투비,Brother Act.,1
41,말만 해,비투비,Feel'eM,1
42,Yes I Am,비투비,NEW MEN,1
43,Last Day,비투비,I Mean,1
44,꿈에,비투비,Brother Act.,1
45,그려본다 (내가 그린 그림),비투비,Remember That,1
46,예지앞사,비투비,NEW MEN,1
47,DREAMER,비투비,4U : OUTSIDE,1
48,놀러와,비투비,NEW MEN,1
49,이별을 만나다,비투비,Brother Act.,1
50,Day&Night,비투비,WIND AND WISH,1
51,Thank You,비투비,Be Together,2
52,흘려보내,비투비,Be Together,2
53,LOVE TODAY,비투비,BTODAY,2
54,넌 감동이야,비투비,Move,2
55,이보다 더 좋을 수 있을까,비투비,BTODAY,2
56,나나나,비투비,Brother Act.,2
57,무료해(콕 To Me),비투비,NEW MEN,2
58,Guitar (Stroke of Love),비투비,Brother Act.,2
59,감기,비투비,투유 프로젝트 - 슈가맨2 Part.13,2
60,너 같아서,비투비,Remember That,2
61,Your Love,비투비,WIND AND WISH,2
62,보고파,비투비,Complete,2
63,NEW MEN,비투비,NEW MEN,2
64,Fly Away,비투비,Brother Act.,2
65,나비,비투비,HOUR MOMENT,2
66,불씨,비투비,BTODAY,2
67,For You,비투비,신데렐라와 네 명의 기사 (tvN 금토드라마) OST - Part.1,2
68,춤 (Dance With Me),비투비,Be Together,2
69,My Way,비투비,Be Together,2
70,Moon Ride,비투비,WIND AND WISH,2
71,So Pretty,비투비,Remember That,2
72,사랑병,비투비,사랑병,2
73,자리비움,비투비,Remember That,2
74,Lonely,비투비,Be Together,2
75,Waiting 4 U,비투비,4U : OUTSIDE,2
76,"미안해 (Song by 서은광, 이민혁, 이창섭)",비투비,"미안해 (Song by 서은광, 이민혁, 이창섭)",2
77,Whiskey,비투비,Be Together,2
78,빨리 뛰어 (ROCK N HIPHOP),비투비,Feel'eM,2
79,여행 (Traveler),비투비,4U : OUTSIDE,2
80,Yeah,비투비,THIS IS US,2
81,잘 지내겠죠,비투비,Move,2
82,Outro : Encore,비투비,Be Together,2
83,미치고 싶어,비투비,4U : OUTSIDE,2
84,너나 잘 살아,비투비,Complete,2
85,Summer Romance,비투비,Complete,2
86,Bye Bye Love,비스트(Beast),남자가 사랑할 때 (MBC 수목드라마) OST - Part.4,2
87,크리스탈같이,비투비,스릴러,2
88,꽃보다 그녀,비투비,Complete,2
89,나 빼고 다 늑대,비투비,I Mean,2
90,Blue Moon (Cinema Ver.),비투비,Blue Moon (Cinema Ver.),2
91,내가 니 남자였을 때,비투비,스릴러,2
92,Intro : 발자취,비투비,Be Together,2
93,Interlude : Re,비투비,Be Together,2
94,그 입술을 뺏었어,비투비,Born To Beat [Asia Special Edition],2
95,Like It,비투비,HOUR MOMENT,2
96,Anymore,비투비,Remember That,2
97,사랑밖에 난 몰라,비투비,Press Play,2
98,Be Alright,비투비,BTODAY,2
99,시간이 흐른 뒤엔,용준형,몬스타 (tvN/Mnet 뮤직드라마) OST - Part.2,2
100,Born To Beat,비투비,Born To Beat,2
101,목소리,비투비,더 미라클 (네이버 웹드라마) OST - Part.3,3
102,별,비투비,스릴러,3
103,My Girl,비투비,Press Play,3
104,끝난 건가요,비투비,뛰뛰빵빵,3
105,Everything's Good - 일훈 Solo (Outro),비투비,Complete,3
106,Imagine,비투비,Born To Beat,3
107,Open,비투비,Complete,3
108,여보세요,비투비,뛰뛰빵빵,3
109,비밀 (Insane) (Acoustic ver.),비투비,Complete,3
110,U & I,비투비,Press Play,3
111,심장어택,비투비,I Mean,3
112,한 모금,비투비,The Winter's Tale,3
113,Happening,비투비,Move,3
114,Prelude : 하루,비투비,Brother Act.,3
115,친구의 여자친구,비투비,Complete,3
116,첫사랑,용준형,몬스타 (tvN/Mnet 뮤직드라마) OST - Part.7,3
117,Say Yes,비투비,BTODAY,3
118,아버지,비투비,Born To Beat [Asia Special Edition],3
119,어기여차 디여차,비투비,Complete,3
120,Starry Night,비투비,BTODAY,3
121,Shake It,비투비,Complete,3
122,북 치고 장구 치고,비투비,Complete,3
123,Monday To Sunday,비투비,Born To Beat [Asia Special Edition],3
124,Young & One,현아,ONE,3
125,왜 이래,비투비,스릴러,3
126,Special Christmas,현아,2016 United Cube Project Part 1,3
127,지난 날,용준형,몬스타 (tvN/Mnet 뮤직드라마) OST - Part.1,3
128,For You (Ballad ver.),비투비,신데렐라와 네 명의 기사 (tvN 금토드라마) OST - Part.1,3
129,Complete (Intro),비투비,Complete,3
130,아름답고도 아프구나 (Inst.),비투비,HOUR MOMENT,3
131,이리와,비투비,텔레몬스터 (MBC TV 애니메이션) OST,3
132,Interlude : Brother Act.,비투비,Brother Act.,3
133,Stand Up,비투비,Press Play,3
134,마쎠!,비투비,The Winter's Tale,3
135,Catch Me,비투비,스릴러,3
136,Goodbye Sadness,비투비,달콤살벌 패밀리 (MBC 수목드라마) OST - Part.1,3
137,Upgrade,현아,ONE,3
138,L.U.V,비투비,L.U.V,3
139,Dear Bride,비투비,Dear Bride,3
140,Press Play (feat. G.NA),비투비,Press Play,3
141,サヨナラを繰り返して / 이별을 되돌아보며,비투비,夏色 MY GIRL / 여름색 MY GIRL,3
142,Beyond the time,비투비,L.U.V,3
143,Brand new days ～どんな未来を～ / Brand new days ~어떤 미래를~,비투비,Brand new days ~ どんな未来を ~ / Brand new days ~어떤 미래를~,3
144,夏色 MY GIRL / 여름색 MY GIRL,비투비,夏色 MY GIRL / 여름색 MY GIRL,3
145,Show Your Love (Japanese ver.),비투비,Outsider,3
146,Snow Light Road - Changsub Solo,비투비,24/7 (TWENTY FOUR/SEVEN),3
147,未來(あした) / 미래 asita,비투비,未來（あした）/ 미래,3
148,우리 다시 (Inst.),비투비,우리 다시,3
149,Crush on you,비투비,Brand new days ~ どんな未来を ~ / Brand new days ~어떤 미래를~,3
150,For You (inst.),비투비,신데렐라와 네 명의 기사 (tvN 금토드라마) OST - Part.1,3
151,두 번째 고백 (inst.),비투비,두 번째 고백,4
152,花 / 꽃,비투비,MOVIE - JPN Ver. -,4
153,淚色の空 / 눈물색의 하늘,비투비,Dear Bride,4
154,Christmas Time ～君だけを～ / 크리스마스 타임 ~너만을~,비투비,24/7 (TWENTY FOUR/SEVEN),4
155,二度目の告白 (JPN ver.) / 두 번째 고백,비투비,24/7 (TWENTY FOUR/SEVEN),4
156,また?えるから / 다시 만날거니까,비투비,Dear Bride,4
157,Bye Bye Love (inst.),비스트(Beast),남자가 사랑할 때 (MBC 수목드라마) OST - Part.4,4
158,Blowin’,비투비,夏色 MY GIRL / 여름색 MY GIRL,4
159,クリスマス·イブ - Vocal Line / 크리스마스 이브,비투비,24/7 (TWENTY FOUR/SEVEN),4
160,For You (Ballad ver.) (inst.),비투비,신데렐라와 네 명의 기사 (tvN 금토드라마) OST - Part.1,4
161,Twilight,비투비,Brand new days ~ どんな未来を ~ / Brand new days ~어떤 미래를~,4
162,Go for it,비투비,L.U.V,4
163,JUMP!,비투비,L.U.V,4
164,さくらいろ / 벚꽃색 sakurairo,비투비,未來（あした）/ 미래,4
165,Further Rise,비투비,Brand new days ~ どんな未来を ~ / Brand new days ~어떤 미래를~,4
166,レモネ一ド / 레모네이드,비투비,24/7 (TWENTY FOUR/SEVEN),4
167,今すぐここでKissを交わそうよ / 지금 여기서 키스하자,비투비,24/7 (TWENTY FOUR/SEVEN),4
168,목소리 (inst.),비투비,더 미라클 (네이버 웹드라마) OST - Part.3,4
169,もう一度だけ,비투비,Outsider,4
170,WOW (JPN ver.),비투비,24/7 (TWENTY FOUR/SEVEN),4
171,Outsider (Japanese ver.),비투비,Outsider,4
172,MOVIE - JPN ver. -,비투비,MOVIE - JPN Ver. -,4
173,ずっとずっと / 계속계속,비투비,Dear Bride,4
174,See you again,비투비,24/7 (TWENTY FOUR/SEVEN),4
175,未来（あした）/ 미래,비투비,24/7 (TWENTY FOUR/SEVEN),4
176,Unforgettable,비투비,MOVIE - JPN Ver. -,4
177,Finale (Show And Prove) (Japanese ver.),비투비,Outsider,4
178,Ha-Na-Bi,비투비,24/7 (TWENTY FOUR/SEVEN),4
179,Special Christmas (Inst.),현아,2016 United Cube Project Part 1,4
180,Regrets of Love,비투비,未來（あした）/ 미래,4
181,Evidence,비투비,夏色 MY GIRL / 여름색 MY GIRL,4
182,MAGIC TIME,비투비,未來（あした）/ 미래,4
183,Hello Mello (JPN ver.) - Rap Line,비투비,24/7 (TWENTY FOUR/SEVEN),4
184,비밀(Insane) (inst.),비투비,Born To Beat [Asia Special Edition],4
185,Guess Who's Back,비투비,24/7 (TWENTY FOUR/SEVEN),4
186,그 입술을 뺏었어 (inst.),비투비,Born To Beat [Asia Special Edition],4
187,SOMEDAY - JPN ver.,비투비,MOVIE - JPN Ver. -,4
188,시간이 흐른 뒤엔 (inst.),용준형,몬스타 (tvN/Mnet 뮤직드라마) OST - Part.2,4
189,지난 날 (inst.),용준형,몬스타 (tvN/Mnet 뮤직드라마) OST - Part.1,4
190,첫사랑 (inst.),용준형,몬스타 (tvN/Mnet 뮤직드라마) OST - Part.7,4
191,Goodbye Sadness (Inst.),비투비,달콤살벌 패밀리 (MBC 수목드라마) OST - Part.1,4
192,이보다 더 좋을 수 있을까,비투비,이보다 더 좋을 수 있을까,4
193,Be Alright,비투비,Be Alright,4
194,불씨,비투비,불씨,4
195,Outsider (Japanese ver.),비투비,Outsider (Japanese ver.),4
196,피날레 (Show And Prove),비투비,킹덤 <FINAL : WHO IS THE KING?>,4
197,Beyond the time,비투비,24/7 (TWENTY FOUR/SEVEN),4
198,For You (Ballad ver.),비투비,신데렐라와 네 명의 기사 (tvN 금토드라마) OST,4
199,For You,비투비,신데렐라와 네 명의 기사 (tvN 금토드라마) OST,4
200,二度目の告白 (JPN ver.) / 두 번째 고백,비투비,WOW (JPN ver.),4
201,WOW (JPN ver.),비투비,WOW (JPN ver.),5
202,첫사랑,용준형,몬스타 (tvN/Mnet 뮤직드라마) OST,5
203,시간이 흐른 뒤엔,용준형,몬스타 (tvN/Mnet 뮤직드라마) OST,5
204,지난 날,용준형,몬스타 (tvN/Mnet 뮤직드라마) OST,5
205,Bye Bye Love,비스트(Beast),남자가 사랑할 때 (MBC 수목드라마) OST,5
206,Imagine,비투비,Born To Beat [Asia Special Edition],5
207,비밀(Insane),비투비,Born To Beat [Asia Special Edition],5
208,Born To Beat,비투비,Born To Beat [Asia Special Edition],5
209,아버지,비투비,아버지,5
210,Monday To Sunday,비투비,Born To Beat,5
211,Imagine,비투비,비밀 (Insane),5
212,비밀 (Insane),비투비,비밀 (Insane),5
