,곡명,아티스트,앨범,좋아요수
1,바람의 노래,조용필,조용필 16집,"26,576"
2,꿈,조용필,The Dreams,"16,275"
3,HOT 잊혀진 사랑,조용필,30주년 기념 음반 Part 1,"2,414"
4,Bounce,조용필,Hello,"40,021"
5,HOT 단발머리,조용필,조용필 1집 (Remastered),"11,088"
6,그 겨울의 찻집,조용필,조용필 40주년 기념 콘서트 - The History 킬리만자로의 표범,"6,180"
7,HOT 이젠 그랬으면 좋겠네,조용필,90-Vol.1 Sailng Sound,"20,837"
8,모나리자,조용필,'88 조용필 10집,"6,894"
9,기다리는 아픔,조용필,Ambition,"4,837"
10,HOT 창밖의 여자,조용필,조용필 1집 (Remastered),"3,579"
11,HOT 고추잠자리,조용필,30주년 기념음반 Part 2,"4,069"
12,그대 발길 머무는 곳에,조용필,사랑과 인생과 나,"3,408"
13,HOT 킬리만자로의 표범,조용필,조용필 8집 (Remastered),"7,841"
14,HOT 상처,조용필,30주년 기념 음반 Part 1,"1,730"
15,여행을 떠나요,조용필,조용필 7집,"10,336"
16,돌아와요 부산항에,조용필,조용필 1집 (Remastered),"2,656"
17,이젠 그랬으면 좋겠네 (원곡가수 조용필),박정현,나는 가수다 명곡 Best 10,"14,022"
18,친구여,조용필,조용필 5집,"2,063"
19,허공,조용필,조용필 8집 (Remastered),"3,550"
20,HOT 여행을 떠나요,조용필,30주년 기념음반 Part 3,327
21,그 겨울의 찻집,조용필,조용필 8집 (Remastered),"3,634"
22,바람이 전하는 말,조용필,조용필 8집 (Remastered),"1,365"
23,모나리자 (원곡가수 조용필),국카스텐,'나는 가수다 2' 2012 가왕전 7강전,"8,225"
24,들꽃,조용필,조용필 7집,668
25,걷고 싶다,조용필,Hello,"18,875"
26,Q,조용필,조용필 제10집 Part.Ⅱ,"2,902"
27,HOT 어제 오늘 그리고,조용필,30주년 기념음반 Part 2,"2,313"
28,기다리는 아픔,유상록,유상록의 Remake 조용필 Best 1,163
29,봄날은 간다,조용필,조용필 옛노래,681
30,HOT 일편단심 민들레야,조용필,30주년 기념음반 Part 2,"1,272"
31,타타타,권윤경,"짚시 로망스 카페노래 1, 2 (조용필 & 나훈아 힛트곡편)",36
32,내 이름은 구름이여,조용필,조용필,"1,079"
33,HOT 돌아와요 부산항에,조용필,30주년 기념 음반 Part 1,562
34,서울 서울 서울,조용필,'88 조용필 10집,"2,271"
35,바람의 노래,조용필,조용필 40주년 기념 콘서트 - The History 킬리만자로의 표범,"1,671"
36,강원도 아리랑,조용필,조용필 3집,679
37,고추잠자리,조용필,조용필 3집,"1,809"
38,HOT 비련,조용필,조용필 4집,"1,995"
39,HOT 한오백년,조용필,조용필 1집 (Remastered),"1,217"
40,HOT 물망초,조용필,조용필 3집,738
41,HOT 애상,조용필,조용필 16집,355
42,HOT 세월,조용필,조용필 2집,345
43,그래도 돼,조용필,20,"6,944"
44,기다리는 아픔,조용필,조용필 40주년 기념 콘서트 - The History 킬리만자로의 표범,747
45,추억 속의 재회,조용필,조용필 BEST 1집,926
46,꿈 (2024 Remastered Ver.),조용필,웰컴투 삼달리 X 조용필 (2024 Remastering),"1,088"
47,사랑은 아직도 끝나지 않았네,조용필,조용필 1집 (Remastered),751
48,못찾겠다 꾀꼬리,조용필,조용필 4집,"2,172"
49,잊혀진 사랑,조용필,조용필 1집 (Remastered),684
50,HOT 걷고 싶다,조용필,45TH ANNIVERSARY CONCERT HELLO,"1,540"
51,님이여,조용필,조용필 3집,270
52,HOT 바람이 전하는 말,조용필,30주년 기념 음반 Part 1,"1,312"
53,Hello (Feat. 버벌진트),조용필,Hello,"21,501"
54,사랑하기 때문에,조용필,The Original,512
55,나는 너 좋아,조용필,조용필 5집,"1,374"
56,HOT 미워 미워 미워,조용필,조용필 3집,680
57,보고싶은 여인아,유상록,유상록의 Remake 조용필 Best 1,140
58,잊혀진 사랑,조용필,조용필 40주년 기념 콘서트 - The History 킬리만자로의 표범,614
59,그 겨울의 찻 집 (원곡가수 조용필),The One (더원),음악여행 예스터데이 2회 (8090 인기곡 편),597
60,미지의 세계,조용필,조용필 7집,"1,392"
61,HOT 대전 블루스,조용필,조용필 1집 (Remastered),696
62,일편단심 민들레야,조용필,조용필 3집,481
63,"민요메들리 (새타령, 남한산성, 성주풀이, 진도아리랑)",조용필,조용필 베스트 2집,262
64,모두다 사랑하리,송골매,The Musician Series - 조용필 / 송골매,48
65,무정 부르스,권윤경,"짚시 로망스 카페노래 1, 2 (조용필 & 나훈아 힛트곡편)",59
66,돌아오지 않는 강,조용필,조용필 1집 (Remastered),493
67,보고싶은 여인아,조용필,조용필 베스트 1집,474
68,잊혀진 사랑,유상록,유상록의 Remake 조용필 Best 2,49
69,정,조용필,조용필,711
70,아가에게,송골매,The Musician Series - 조용필 / 송골매,83
71,공,권윤경,"짚시 로망스 카페노래 1, 2 (조용필 & 나훈아 힛트곡편)",300
72,어쩌다 마주친 그대,송골매,The Musician Series - 조용필 / 송골매,43
73,돌아와요 부산항에,조용필,조용필,"2,486"
74,슬픈 미소,조용필,조용필 1집 (Remastered),370
75,촛불,조용필,Big Gold 80 Cho Yong-Phil G,313
76,킬리만자로의 표범,조용필,The Musician Series - 조용필 / 송골매,69
77,마도요,조용필,사랑과 인생과 나,466
78,돌아와요 부산항에,조용필,The Musician Series - 조용필 / 송골매,44
79,창밖의 여자,조용필,The Musician Series - 조용필 / 송골매,79
80,바람이 전하는 말,권윤경,"짚시 로망스 카페노래 1, 2 (조용필 & 나훈아 힛트곡편)",54
81,내 삶을 눈물로 채워도,권윤경,"짚시 로망스 카페노래 1, 2 (조용필 & 나훈아 힛트곡편)",108
82,모나리자 (2024 Remastered Ver.),조용필,웰컴투 삼달리 X 조용필 (2024 Remastering),203
83,어제 오늘 그리고,조용필,The Musician Series - 조용필 / 송골매,90
84,전선야곡,조용필,조용필 옛노래,90
85,추억속의 재회,조용필,90-Vol.1 Sailng Sound,"1,017"
86,못찾겠다 꾀꼬리 (조용필),김경호,[나는 가수다] 경연9-2. '조용필 스페셜',"1,170"
87,길잃은 철새,조용필,톱가수 4인의 특선집,193
88,오빠생각,조용필,Big Gold 80 Cho Yong-Phil G,198
89,잊기로 했네,조용필,조용필 2집,262
90,창 밖의 여자 (Feat. 김세황) (조용필),윤민수(바이브),[나는 가수다] 경연9-2. '조용필 스페셜',443
91,내 이름은 구름이여,조용필,조용필 3집,288
92,"어제, 오늘, 그리고",조용필,조용필 7집,"2,117"
93,꿈,조용필,45TH ANNIVERSARY CONCERT HELLO,966
94,상처,조용필,조용필 8집 (Remastered),709
95,고추잠자리,조용필,조용필 40주년 기념 콘서트 - The History 킬리만자로의 표범,422
96,사랑하기 때문에,조용필,조용필 7집,593
97,HOT 친구여,조용필,30주년 기념 음반 Part 1,118
98,꿈 (Feat. 김덕수패 사물놀이) (조용필),자우림,[나는 가수다] 경연9-2. '조용필 스페셜',"1,288"
99,상처,조용필,꽃보다 아름다워 OST (KBS 수목 드라마),276
100,잊혀진 사랑,조용필,"슬픈 연가(戀歌)-조용필의 숨겨진 보석같은 노래, Cho Yong Pil Best",121
101,단발머리,조용필,45TH ANNIVERSARY CONCERT HELLO,430
102,Q,조용필,45TH ANNIVERSARY CONCERT HELLO,357
103,세월이 가면,조용필,젊음의 노래 16 히트곡 모음 3,72
104,떠나가는 배,조용필,사랑과 인생과 나,164
105,내 가슴에 내리는 비,조용필,조용필 8집 (Remastered),305
106,정주고 내가 우네,"조용필, 김희갑",앙상블,262
107,추억 속의 재회 (조용필),바비 킴,[나는 가수다] 경연9-2. '조용필 스페셜',391
108,그대발길 머무는 곳에,조용필,라디오 스타 OST,"1,563"
109,찰나,조용필,20,"1,340"
110,내 이름은 구름이여,조용필,Big Gold 80 Cho Yong-Phil G,107
111,HOT 돌아오지 않는 강,조용필,30주년 기념 음반 Part 1,333
112,해운대 엘레지,조용필,조용필의 옛노래,72
113,장미꽃 불을 켜요,조용필,45TH ANNIVERSARY CONCERT HELLO,290
114,미지의 세계,조용필,조용필 40주년 기념 콘서트 - The History 킬리만자로의 표범,241
115,그대여,조용필,조용필 7집,424
116,보고싶은 여인아,권윤경,"짚시 로망스 카페노래 1, 2 (조용필 & 나훈아 힛트곡편)",78
117,태양의 눈,조용필,Over The Rainbow,839
118,내 마음 당신곁으로,조용필,조용필 8집 (Remastered),227
119,잊을 수 없는 너,조용필,조용필 3집,146
120,목포의 눈물,조용필,Greatest Hits Collection - 조용필의 음악인생 35년을 회상하며,40
121,슬픈 베아트리체,조용필,Cho Yong Pil,"1,263"
122,비련,조용필,45TH ANNIVERSARY CONCERT HELLO,276
123,HOT 간양록,조용필,조용필 2집,386
124,허공,조용필,Greatest Hits Collection - 조용필의 음악인생 35년을 회상하며,33
125,이젠 그랬으면 좋겠네 (조용필),박정현,[서바이벌 나는 가수다] 경연3-1. '내가 부르고싶은 남의노래',"3,968"
126,님이여,조용필,Greatest Hits Collection - 조용필의 음악인생 35년을 회상하며,33
127,여행을 떠나요 (MR),Various Artists,위대한 탄생 조용필 명곡 부르기 MR (편곡 Ver.),6
128,HOT 잊을 수 없어,조용필,조용필,186
129,촛불,조용필,조용필 Best 2집,276
130,어메,권윤경,"짚시 로망스 카페노래 1, 2 (조용필 & 나훈아 힛트곡편)",78
131,HOT 너무 짧아요,조용필,30주년 기념음반 Part 2,63
132,황진이,조용필,조용필 5집,232
133,돌아오지 않는 강,권윤경,"짚시 로망스 카페노래 1, 2 (조용필 & 나훈아 힛트곡편)",32
134,(MR 반주곡) 여행을떠나요 (조용필),Various Artists,MR반주곡  1집,20
135,산유화,조용필,조용필 5집,143
136,자존심,조용필,조용필 4집,324
137,바람의 노래 (MR),Various Artists,위대한 탄생 조용필 명곡 부르기 MR (편곡 Ver.),20
138,꽃바람,조용필,조용필 4집,293
139,왜,조용필,20,"1,014"
140,HOT 여와 남,조용필,30주년 기념음반 Part 2,120
141,모나리자,조용필,조용필 40주년 기념 콘서트 - The History 킬리만자로의 표범,561
142,들꽃,유상록,유상록의 Remake 조용필 Best 1,32
143,서울 서울 서울,조용필,조용필 BEST 1집,103
144,눈물의 파티,조용필,조용필 6집,631
145,돌고 도는 인생,조용필,90-Vol.1 Sailng Sound,"1,471"
146,추억 속의 재회 (Overture) (Live Ver.),조용필,조용필콘서트 90,67
147,HOT 슬픈 미소,조용필,30주년 기념음반 Part 2,219
148,그 겨울의 찻집,조용필,The Musician Series - 조용필 / 송골매,55
149,그대 발길 머무는 곳에 (Live Ver.),조용필,조용필콘서트 90,38
150,허공,조용필,조용필 40주년 기념 콘서트 - The History 킬리만자로의 표범,309
151,바람이 전하는 말,유상록,유상록의 Remake 조용필 Best 2,11
152,허공,조용필,을숙도 첫사랑 & 다대포의 꿈,151
153,HOT 타인,조용필,사랑과 인생과 나,282
154,외로워 마세요,조용필,"슬픈 연가(戀歌)-조용필의 숨겨진 보석같은 노래, Cho Yong Pil Best",143
155,Q/조용필,양수경,양수경 30th 기념 앨범 '명작',131
156,강원도 아리랑,조용필,Big Gold 80 Cho Yong-Phil G,56
157,해변의 여인,조용필,조용필,126
158,생명,조용필,조용필 4집,179
159,모나리자 (원곡 : 조용필),"다섯손가락, 신효범",불꽃밴드 Part.3 - 레전드밴드 X 컬래버싱어,111
160,촛불 (원곡가수 조용필),국카스텐,'나는 가수다 2' 9월 B조 경연,"1,472"
161,서울 서울 서울 (Live Ver.),조용필,조용필콘서트 90,42
162,꿈 (Violin ver.),조용필,왜그래 풍상씨 (KBS 2TV 수목드라마) Special OST,87
163,(MR 반주곡) 허공 (조용필),Various Artists,MR반주곡  3집,8
164,허공,유상록,유상록의 Remake 조용필 Best 1,5
165,달맞이꽃,"조용필, 김희갑",앙상블,91
166,단발머리 (조용필),조관우,[나는 가수다] 경연9-2. '조용필 스페셜',184
167,바람의 노래,유상록,유상록의 Remake 조용필 Best 1,36
168,상처,권윤경,"짚시 로망스 카페노래 1, 2 (조용필 & 나훈아 힛트곡편)",29
169,꿈,조용필,조용필 40주년 기념 콘서트 - The History 킬리만자로의 표범,"1,330"
170,사나이 결심,조용필,사랑과 인생과 나,116
171,미지의 세계,조용필,45TH ANNIVERSARY CONCERT HELLO,399
172,그 또한 내 삶인데,조용필,Over The Rainbow,"3,224"
173,상처,조용필,박하향기,30
174,그대 발길 머무는 곳에,조용필,30주년 기념 음반 Part 1,244
175,난 아니야,조용필,조용필 4집,320
176,진(珍),조용필,Over The Rainbow,315
177,단발 머리,조용필,조용필 BEST 1집,101
178,못찾겠다 꾀꼬리(원곡:조용필),"사랑과 평화, 다섯손가락",불꽃밴드 Part.7,38
179,HOT 사랑하기 때문에,조용필,30주년 기념 음반 Part 1,131
180,봄날은 간다,조용필,조용필의 옛노래,99
181,나그네 설움,조용필,조용필의 옛노래,43
182,킬리만자로의 표범,조용필,조용필 40주년 기념 콘서트 - The History 킬리만자로의 표범,649
183,HOT 나는 너 좋아,조용필,30주년 기념음반 Part 2,258
184,널 만나면,조용필,Hello,"2,212"
185,한강,조용필,조용필 5집,178
186,들꽃,조용필,"슬픈 연가(戀歌)-조용필의 숨겨진 보석같은 노래, Cho Yong Pil Best",70
187,그 겨울의 찻집,권윤경,"짚시 로망스 카페노래 1, 2 (조용필 & 나훈아 힛트곡편)",60
188,친구여,권윤경,"짚시 로망스 카페노래 1, 2 (조용필 & 나훈아 힛트곡편)",16
189,친구여,조용필,청춘시대 - 내 인생의 노래,74
190,마도요 (2024 Remastered Ver.),조용필,웰컴투 삼달리 X 조용필 (2024 Remastering),127
191,단발머리(원곡:조용필),"사랑과 평화, 다섯손가락",불꽃밴드 Part.7,51
192,(MR 반주곡) 기다리는아픔 (조용필),Various Artists,MR반주곡  4집,11
193,애수의 소야곡,조용필,조용필의 옛노래,34
194,비오는 거리,조용필,조용필 5집,89
195,미지의 세계,조용필,The Musician Series - 조용필 / 송골매,33
196,BOUNCE,조용필,45TH ANNIVERSARY CONCERT HELLO,480
197,여행을 떠나요,조용필,45TH ANNIVERSARY CONCERT HELLO,457
198,대전 부르스,권윤경,"짚시 로망스 카페노래 1, 2 (조용필 & 나훈아 힛트곡편)",32
199,여행을 떠나요,조용필,조용필 40주년 기념 콘서트 - The History 킬리만자로의 표범,373
200,Q,조용필,조용필 40주년 기념 콘서트 - The History 킬리만자로의 표범,404
201,여행을 떠나요,조용필,조용필 베스트 2집,107
202,HOT 님이여,조용필,30주년 기념 음반 Part 1,136
203,그때 그 사람,조용필,조용필 그의 세계 (사랑해주오/마음속의 그림자),24
204,고추잠자리,조용필,The Musician Series - 조용필 / 송골매,41
205,사랑은 아직도 끝나지않았네,조용필,조용필 베스트 1집,93
206,Bounce,조용필,Bounce,"41,917"
207,그 겨울의 찻집 (조용필),박현빈,나는 트로트 가수다,63
208,상처,조용필,Greatest Hits Collection - 조용필의 음악인생 35년을 회상하며,48
209,슬픈 미소,조용필,"슬픈 연가(戀歌)-조용필의 숨겨진 보석같은 노래, Cho Yong Pil Best",48
210,내 마음 당신 곁으로,조용필,Big Gold 80 Cho Yong-Phil G,108
211,HOT 황성옛터,조용필,조용필 3집,248
212,빛,조용필,영웅시대 OST,398
213,그대 발길 머무는 곳에,조용필,조용필 BEST 1집,121
214,눈물로 보이는 그대,조용필,30주년 기념음반 Part 3,60
215,청춘 시대,조용필,조용필 40주년 기념 콘서트 - The History 킬리만자로의 표범,312
216,민요메들리(81 해운대비취 페스티발 실황),조용필,조용필 4집,137
217,길잃은 철새,조용필,조용필 3집,97
218,비련 (원곡가수 조용필),박완규,'나는 가수다 2' 2012 가왕전 6강전,293
219,그때 그사랑,조용필,스테레오 힛트앨범 1집,38
220,내 마음은 당신곁으로,조용필,열창 조용필 - 사랑은 아직도 끝나지 않았네,73
221,님이여,조용필,조용필 베스트 1집,40
222,허공 (Live Ver.),조용필,조용필콘서트 90,37
223,친구여,조용필,45TH ANNIVERSARY CONCERT HELLO,563
224,아내의 노래,조용필,조용필의 옛노래,43
225,아씨,조용필,조용필 옛노래,41
226,HOT 사랑은 아직도 끝나지 않았네,조용필,30주년 기념 음반 Part 1,722
227,바닷가의 추억,"조용필, 김희갑",앙상블,71
228,축복 (촛불),조용필,조용필 2집,183
229,이젠 그랬으면 좋겠네,조용필,45TH ANNIVERSARY CONCERT HELLO,573
230,못찾겠다 꾀꼬리,조용필,조용필 40주년 기념 콘서트 - The History 킬리만자로의 표범,313
231,HOT 빛 Trance,조용필,영웅시대 OST,75
232,보고 싶은 여인아,조용필,꽃보다 아름다워 OST (KBS 수목 드라마),68
233,들꽃,조용필,미인시대,55
234,HOT 눈물의 파티,조용필,30주년 기념음반 Part 2,100
235,HOT 외로워 마세요,조용필,조용필 2집,294
236,어제 오늘 그리고,조용필,조용필 40주년 기념 콘서트 - The History 킬리만자로의 표범,517
237,고추 잠자리,조용필,Big Gold 80 Cho Yong-Phil G,94
238,잊혀진 사랑,조용필,Big Gold 80 Cho Yong-Phil G,77
239,들꽃,조용필,30주년 기념 음반 Part 1,98
240,서울 서울 서울,조용필,30주년 기념음반 Part 3,218
241,찰나,조용필,Road to 20 - Prelude 1,"4,014"
242,피차,권윤경,"짚시 로망스 카페노래 1, 2 (조용필 & 나훈아 힛트곡편)",71
243,너의 빈자리,조용필,"슬픈 연가(戀歌)-조용필의 숨겨진 보석같은 노래, Cho Yong Pil Best",83
244,(MR 반주곡) 바람의노래 (조용필),Various Artists,MR반주곡  10집,8
245,꿈의 아리랑,조용필,Over The Rainbow,193
246,HOT 한 오백년,조용필,30주년 기념음반 Part 2,92
247,동숙의 노래,조용필,조용필 옛노래,65
248,생명,조용필,Greatest Hits Collection - 조용필의 음악인생 35년을 회상하며,39
249,고추잠자리,조용필,45TH ANNIVERSARY CONCERT HELLO,347
250,그대여,조용필,45TH ANNIVERSARY CONCERT HELLO,218
251,정,조용필,조용필 40주년 기념 콘서트 - The History 킬리만자로의 표범,136
252,미지의 세계,조용필,조용필 베스트 2집,47
253,여행을 떠나요,조용필,Greatest Hits Collection - 조용필의 음악인생 35년을 회상하며,36
254,처음 본 순간,송골매,The Musician Series - 조용필 / 송골매,28
255,Q,권윤경,"짚시 로망스 카페노래 1, 2 (조용필 & 나훈아 힛트곡편)",19
256,친구여,조용필,조용필 40주년 기념 콘서트 - The History 킬리만자로의 표범,356
257,너무 짧아요,조용필,조용필 베스트 2집,42
258,판도라의 상자,조용필,조용필 16집,155
259,목포의 눈물,조용필,조용필의 옛노래,100
260,아리랑,조용필,조용필 콘서트 실황음반(일본 Nhk 主崔),49
261,너의 빈자리,조용필,조용필 3집,219
262,대지의 항구,조용필,조용필 옛노래,40
263,일편단심 민들레,조용필,조용필 베스트 1집,83
264,전선야곡,조용필,Greatest Hits Collection - 조용필의 음악인생 35년을 회상하며,49
265,모나리자,조용필,45TH ANNIVERSARY CONCERT HELLO,406
266,강원도 아리랑,조용필,조용필 40주년 기념 콘서트 - The History 킬리만자로의 표범,302
267,HOT 내 여자라니까 (조용필),김학도,모창 첫번째 이야기,20
268,님이여,조용필,Big Gold 80 Cho Yong-Phil G,66
269,꽃바람,조용필,조용필 BEST 1집,50
270,지금도 마로니에는,"조용필, 김희갑",앙상블,132
271,너무 짧아요,조용필,조용필,143
272,허공 (경음악),조용필,조용필 데뷰집,23
273,잊혀진 사랑,조용필,조용필 베스트 1집,127
274,황포돛대,조용필,조용필 옛노래,59
275,너무 짧아요,조용필,Greatest Hits Collection - 조용필의 음악인생 35년을 회상하며,38
276,님이여,조용필,젊음의 노래 16 히트곡 모음 3,53
277,세월,조용필,"슬픈 연가(戀歌)-조용필의 숨겨진 보석같은 노래, Cho Yong Pil Best",59
278,그리움의 불꽃,조용필,조용필 40주년 기념 콘서트 - The History 킬리만자로의 표범,237
279,난 아니야,조용필,Big Gold 80 Cho Yong-Phil G,71
280,상아의 노래,"조용필, 김희갑",앙상블,96
281,정,조용필,조용필 1집 (Remastered),197
282,돌아와요 부산항에,조용필,조용필 베스트 1집,81
283,미워 미워 미워,조용필,한국가요사 20집,39
284,잊혀진 사랑,조용필,한국가요사 18집,37
285,목포항,조용필,조용필 특선,104
286,가랑비,조용필,Big Gold 80 Cho Yong-Phil G,44
287,내 가슴에 내리는 비,조용필,Big Gold 80 Cho Yong-Phil G,89
288,따오기,조용필,Big Gold 80 Cho Yong-Phil G,52
289,강원도아리랑,조용필,조용필 베스트 2집,55
290,내가 아주 어렸을적엔,조용필,조용필 베스트 2집,101
291,미워 미워 미워,조용필,미인시대,40
292,외로워 마세요,조용필,미인시대,36
293,킬리만자로의 표범,조용필,미인시대,73
294,킬리만자로의 표범,조용필,30주년 기념 음반 Part 1,119
295,끝없는 날개짓 하늘로,조용필,조용필 15집,420
296,사랑하기 때문에,조용필,조용필 Best 2집,42
297,꽃순이를 아시나요,"조용필, 김희갑",앙상블,64
298,옛님,"조용필, 김희갑",앙상블,50
299,청춘시대,조용필,사랑과 인생과 나,270
300,녹슬은 기찻길,조용필,조용필의 옛노래,39
301,누가 울어,조용필,조용필의 옛노래,46
302,불효자는 웁니다,조용필,조용필의 옛노래,51
303,하얀모래의꿈,조용필,조용필 데뷰집,62
304,그 겨울의 찻집,조용필,Greatest Hits Collection - 조용필의 음악인생 35년을 회상하며,63
305,불효자는 웁니다,조용필,Greatest Hits Collection - 조용필의 음악인생 35년을 회상하며,33
306,이별의 뒤안길,조용필,"슬픈 연가(戀歌)-조용필의 숨겨진 보석같은 노래, Cho Yong Pil Best",46
307,일편단심 민들레야,조용필,"슬픈 연가(戀歌)-조용필의 숨겨진 보석같은 노래, Cho Yong Pil Best",39
308,잊기로 했네,조용필,"슬픈 연가(戀歌)-조용필의 숨겨진 보석같은 노래, Cho Yong Pil Best",39
309,Bounce(원곡:조용필),"사랑과 평화, 다섯손가락",불꽃밴드 Part.7,42
310,창밖의 여자,조용필,45TH ANNIVERSARY CONCERT HELLO,252
311,단발머리,조용필,조용필 40주년 기념 콘서트 - The History 킬리만자로의 표범,476
312,(MR 반주곡) 친구여 (조용필),Various Artists,MR반주곡  21집,6
313,슬픈 미소,조용필,Big Gold 80 Cho Yong-Phil G,62
314,친구여,조용필,Big Gold 80 Cho Yong-Phil G,56
315,보고싶은 여인아,조용필,미인시대,40
316,친구여,조용필,미인시대,44
317,그대를 사랑해,조용필,조용필 16집,239
318,그리움의 불꽃,조용필,조용필 16집,240
319,돌아와요 부산항에,조용필,조용필 BEST 1집,46
320,진정 난 몰랐네,"조용필, 김희갑",앙상블,52
321,소망,조용필,Ambition,117
322,내가 어렸을 적엔,조용필,조용필 7집,212
323,여자의 정,조용필,조용필 5집,113
324,Once There Was A Love,조용필,조용필 데뷰집,30
325,창밖의 여자,조용필,조용필 베스트 1집,130
326,잊혀진 사랑,조용필,Greatest Hits Collection - 조용필의 음악인생 35년을 회상하며,49
327,팝 메들리,조용필,해운대 Live Part Ⅰ,55
328,라,조용필,20,683
329,새들의합창,조용필,조용필 특선,62
330,왜 몰랐을까,권윤경,"짚시 로망스 카페노래 1, 2 (조용필 & 나훈아 힛트곡편)",20
331,(MR 반주곡) 강원도아리랑 (조용필),Various Artists,MR반주곡  3집,5
332,(MR 반주곡) 돌아오지않는강 (조용필),Various Artists,MR반주곡  8집,4
333,(MR 반주곡) 돌아와요부산항에 (조용필),Various Artists,MR반주곡  8집,11
334,그대 눈물이 마를때,조용필,Big Gold 80 Cho Yong-Phil G,66
335,생명,조용필,Big Gold 80 Cho Yong-Phil G,61
336,대전블루스,조용필,조용필 베스트 2집,60
337,대전 블루스,조용필,미인시대,43
338,킬리만자로의 표범,조용필,"내 젊은 날의 초상 1 (KBS 제2라디오 이홍렬, 임예진의 12시 Q)",34
339,추억속의 재회,유상록,유상록의 Remake 조용필 Best 1,17
340,HOT 비련,조용필,30주년 기념음반 Part 2,153
341,HOT 일몰,조용필,조용필 16집,171
342,님이여,조용필,조용필,207
343,생각이 나네,조용필,조용필,109
344,내 입술에 그대 눈물,조용필,조용필 6집,63
345,님이여,조용필,열창 조용필 - 사랑은 아직도 끝나지 않았네,46
346,대전 블루스,조용필,조용필 옛노래,66
347,대전블루스,조용필,조용필 베스트 1집,36
348,생명,조용필,조용필 베스트 1집,57
349,슬픈미소,조용필,조용필 베스트 1집,59
350,축복(촛불),조용필,조용필 베스트 1집,66
351,대전 블루스,조용필,Greatest Hits Collection - 조용필의 음악인생 35년을 회상하며,28
352,돌아와요 부산항에,조용필,한국가요사 14집,21
353,"어제, 오늘, 그리고",조용필,Greatest Hits Collection - 조용필의 음악인생 35년을 회상하며,43
354,해바라기,조용필,90-Vol.1 Sailng Sound,186
355,남자는 배 여자는 항구,심수봉,조용필 리사이틀 그리고... 오리지널 진한 찻잔,46
356,단발 머리,조용필,조용필 콘서트 실황음반(일본 Nhk 主崔),35
357,대전 블루스,조용필,조용필 콘서트 실황음반(일본 Nhk 主崔),29
358,황성 옛터,조용필,조용필 콘서트 실황음반(일본 Nhk 主崔),28
359,돌고 도는 인생 (2024 Remastered Ver.),조용필,웰컴투 삼달리 X 조용필 (2024 Remastering),234
360,꿈 (Guitar ver.),조용필,왜그래 풍상씨 (KBS 2TV 수목드라마) Special OST,96
361,나는 너 좋아,조용필,45TH ANNIVERSARY CONCERT HELLO,272
362,어느 날 귀로에서,조용필,Hello,"2,225"
363,모나리자 (조용필),장혜진,[나는 가수다] 경연9-2. '조용필 스페셜',161
364,마도요,조용필,조용필 40주년 기념 콘서트 - The History 킬리만자로의 표범,175
365,(MR 반주곡) 꿈 (조용필),Various Artists,MR반주곡  5집,14
366,못찾겠다 꾀꼬리,조용필,조용필 베스트 2집,60
367,단발머리,조용필,30주년 기념음반 Part 2,224
368,남겨진 자의 고독,조용필,조용필 15집,276
369,돌아와요 부산항에,조용필,한국 최고 히트곡 전집,33
370,아하! 그렇지,조용필,사랑과 인생과 나,128
371,아시아의 불꽃,조용필,조용필 7집,461
372,전선야곡,조용필,조용필의 옛노래,74
373,돌아와요 부산항에,조용필,스테레오 힛트앨범 1집,67
374,친구여,조용필,조용필 베스트 1집,121
375,얄미운 님아,조용필,"슬픈 연가(戀歌)-조용필의 숨겨진 보석같은 노래, Cho Yong Pil Best",55
376,고독한 Runner,조용필,Cho Yong Pil,471
377,그대여,조용필,Greatest Hits Collection - 조용필의 음악인생 35년을 회상하며,36
378,꿈꾸던 사랑,조용필,The Dreams,120
379,모나리자,조용필,30주년 기념음반 Part 3,145
380,Feeling Of You,조용필,20,974
381,추억의종이배,조용필,조용필 특선,66
382,이별의 순간,조용필,77년도 대학가에서 애창되는 히트송 모음집,36
383,설렘,조용필,Hello,"2,340"
384,모나리자 (원곡가수 조용필),국카스텐,'나는 가수다' 2 Best Collection,"1,800"
385,창밖의 여자,조용필,조용필 40주년 기념 콘서트 - The History 킬리만자로의 표범,291
386,너무 짧아요,조용필,Big Gold 80 Cho Yong-Phil G,59
387,단발머리,조용필,Big Gold 80 Cho Yong-Phil G,87
388,상처,조용필,Big Gold 80 Cho Yong-Phil G,65
389,돌아와요 부산항에,조용필,KBS 해피 FM 이호섭 임수민의 희망가요,40
390,여행을 떠나요 (아기 조용필),베베퀸,베베퀸 섬머페스티발,9
391,허공,조용필,미인시대,53
392,HOT 꽃바람,조용필,30주년 기념음반 Part 2,149
393,이젠 그랬으면 좋겠네,조용필,30주년 기념 음반 Part 1,"1,837"
394,꿈,조용필,30주년 기념 음반 Part 1,309
395,눈동자,"조용필, 김희갑",앙상블,61
396,눈이 오면 그대가 보고 싶다,조용필,조용필 제10집 Part.Ⅱ,180
397,보라빛 여인,조용필,조용필 제10집 Part.Ⅱ,114
398,HOT 처음 느낀 사랑이야,조용필,Ambition,451
399,꽃순이,조용필,조용필,153
400,진실한 사랑,조용필,사랑과 인생과 나,89
401,명동 블루스,조용필,조용필의 옛노래,51
402,만나게 해주,조용필,조용필 2집,58
403,고추잠자리,조용필,조용필 베스트 1집,101
404,너무 짧아요,조용필,조용필 베스트 1집,46
405,여행을 떠나요,조용필,열창 조용필 - 사랑은 아직도 끝나지 않았네,130
406,추억속의 재회,조용필,30주년 기념음반 Part 3,241
407,돌아와요 부산항에,조용필,"슬픈 연가(戀歌)-조용필의 숨겨진 보석같은 노래, Cho Yong Pil Best",33
408,비오는 거리,조용필,"슬픈 연가(戀歌)-조용필의 숨겨진 보석같은 노래, Cho Yong Pil Best",36
409,아이마미,조용필,The Dreams,118
410,어제밤 꿈속에서,조용필,The Dreams,128
411,미지의 세계 (MR),Various Artists,위대한 탄생 조용필 명곡 부르기 MR (편곡 Ver.),2
412,눈물의 파티 (Live Ver.),조용필,조용필콘서트 90,35
413,이젠 그랬으면 좋겠네 (Live Ver.),조용필,조용필콘서트 90,37
414,추억 속의 재회 (Any Other Guy) (Live Ver.),조용필,조용필콘서트 90,41
415,세렝게티처럼,조용필,20,891
416,Timing,조용필,20,"1,177"
417,추억속의 재회 (2024 Remastered Ver.),조용필,웰컴투 삼달리 X 조용필 (2024 Remastering),202
418,Feeling Of You,조용필,Road to 20 - Prelude 2,"3,635"
419,라,조용필,Road to 20 - Prelude 2,"1,256"
420,널 만나면,조용필,45TH ANNIVERSARY CONCERT HELLO,229
421,선구자,조용필,77년도 대학가에서 애창되는 히트송 모음집,40
422,그리운 것은,조용필,Hello,"1,250"
423,말해볼까,조용필,Hello,"2,101"
424,서툰 바람,조용필,Hello,"1,423"
425,충전이 필요해,조용필,Hello,"1,370"
426,Bounce (Full Japanese Version),조용필,Hello (Japan Edition Korea Version),250
427,Walking Along With You (Full Japanese Version),조용필,Hello (Japan Edition Korea Version),225
428,길 잃은 철새,권윤경,"짚시 로망스 카페노래 1, 2 (조용필 & 나훈아 힛트곡편)",17
429,영동부르스,권윤경,"짚시 로망스 카페노래 1, 2 (조용필 & 나훈아 힛트곡편)",25
430,물망초,조용필,조용필 40주년 기념 콘서트 - The History 킬리만자로의 표범,233
431,산장의 여인,조용필,조용필 40주년 기념 콘서트 - The History 킬리만자로의 표범,141
432,(MR 반주곡) 상처 (조용필),Various Artists,MR반주곡  14집,5
433,"(MR 반주곡) 어제,오늘그리고 (조용필)",Various Artists,MR반주곡  16집,3
434,(MR 반주곡) 일편단심민들레야 (조용필),Various Artists,MR반주곡  19집,4
435,단발머리,조용필,청춘시대 - 내 인생의 노래,69
436,"어제, 오늘 그리고",조용필,청춘시대 - 내 인생의 노래,114
437,여행을 떠나요,조용필,청춘시대 - 내 인생의 노래,78
438,꽃바람,조용필,Big Gold 80 Cho Yong-Phil G,69
439,나그네 바람,조용필,Big Gold 80 Cho Yong-Phil G,45
440,비 오는 거리,조용필,Big Gold 80 Cho Yong-Phil G,51
441,여행을 떠나요,조용필,Big Gold 80 Cho Yong-Phil G,51
442,킬리만자로의 표범,조용필,Big Gold 80 Cho Yong-Phil G,105
443,허공,조용필,Big Gold 80 Cho Yong-Phil G,93
444,선구자,조용필,조용필 베스트 2집,38
445,여와 남,조용필,조용필 베스트 2집,60
446,축복(촛불),조용필,미인시대,41
447,내 청춘의 빈 잔,조용필,"내 젊은 날의 초상 1 (KBS 제2라디오 이홍렬, 임예진의 12시 Q)",56
448,너무 짧아요,유상록,유상록의 Remake 조용필 Best 2,4
449,상처,유상록,유상록의 Remake 조용필 Best 1,32
450,친구여,유상록,유상록의 Remake 조용필 Best 2,7
451,미워 미워 미워,조용필,을숙도 첫사랑 & 다대포의 꿈,30
452,꿈의 요정,조용필,30주년 기념음반 Part 2,66
453,1987년의 서울,조용필,30주년 기념음반 Part 2,60
454,슬픈 베아트리체,조용필,30주년 기념 음반 Part 1,191
455,허공,조용필,30주년 기념 음반 Part 1,114
456,도시를 떠나서,조용필,조용필 15집,113
457,어둠이 끝나면,조용필,조용필 15집,119
458,고추 잠자리,조용필,조용필 Best 2집,55
459,I Love 수지,조용필,조용필 Best 2집,52
460,꽃이 되고 싶어라,조용필,조용필 제10집 Part.Ⅱ,121
461,말하라 그대들이 본 것이 무엇인가를,조용필,조용필 제10집 Part.Ⅱ,339
462,인생이 장미꽃이라면,조용필,조용필 제10집 Part.Ⅱ,139
463,그후,조용필,Ambition,109
464,HOT 영혼의 끝날까지,조용필,Ambition,166
465,목련꽃 사연,조용필,'88 조용필 10집,102
466,I Love 수지,조용필,'88 조용필 10집,216
467,어디로 갔나요,조용필,조용필,82
468,내 청춘의 빈잔,조용필,조용필 8집 (Remastered),129
469,프리마돈나,조용필,조용필 7집,139
470,미워 미워 미워,조용필,톱가수 16인의 히트곡 1집,23
471,미사의 노래,조용필,조용필의 옛노래,34
472,가랑비,조용필,조용필 6집,74
473,이별의 순간,조용필,포크송 메들리 37곡,15
474,산장의 여인,조용필,조용필 4집,87
475,여와 남,조용필,조용필 3집,174
476,너무 짧아요,조용필,조용필 1집 (Remastered),225
477,상처,조용필,The Musician Series - 조용필 / 송골매,59
478,돌아오지 않는 강,조용필,조용필 베스트 1집,53
479,여행을 떠나요,조용필,The Musician Series - 조용필 / 송골매,36
480,한오백년,조용필,조용필 베스트 1집,100
481,허공,조용필,The Musician Series - 조용필 / 송골매,39
482,황진이,조용필,The Musician Series - 조용필 / 송골매,54
483,강원도 아리랑,조용필,Greatest Hits Collection - 조용필의 음악인생 35년을 회상하며,35
484,나그네의 설움,조용필,Greatest Hits Collection - 조용필의 음악인생 35년을 회상하며,26
485,나는 너 좋아,조용필,Greatest Hits Collection - 조용필의 음악인생 35년을 회상하며,39
486,내 가슴에 내리는 비,조용필,"슬픈 연가(戀歌)-조용필의 숨겨진 보석같은 노래, Cho Yong Pil Best",192
487,내 가슴에 내리는 비,조용필,Greatest Hits Collection - 조용필의 음악인생 35년을 회상하며,40
488,내모습,조용필,90-Vol.1 Sailng Sound,108
489,내청춘의빈잔,조용필,추억과 낭만의 포크송,52
490,뜻밖의 이별,조용필,Greatest Hits Collection - 조용필의 음악인생 35년을 회상하며,41
491,바람이 전하는 말,조용필,Greatest Hits Collection - 조용필의 음악인생 35년을 회상하며,40
492,산장의 여인,조용필,"슬픈 연가(戀歌)-조용필의 숨겨진 보석같은 노래, Cho Yong Pil Best",37
493,상처,조용필,"슬픈 연가(戀歌)-조용필의 숨겨진 보석같은 노래, Cho Yong Pil Best",55
494,아시아의 불꽃,조용필,Greatest Hits Collection - 조용필의 음악인생 35년을 회상하며,39
495,장미꽃 불을 켜요,조용필,30주년 기념음반 Part 3,69
496,HOT 장미꽃 불을 켜요,조용필,The Dreams,326
497,지울 수 없는 꿈,조용필,30주년 기념음반 Part 3,41
498,추억에도 없는 이별,조용필,Cho Yong Pil,323
499,허공,조용필,"슬픈 연가(戀歌)-조용필의 숨겨진 보석같은 노래, Cho Yong Pil Best",50
500,황성옛터,조용필,"슬픈 연가(戀歌)-조용필의 숨겨진 보석같은 노래, Cho Yong Pil Best",34
501,황진이,조용필,30주년 기념음반 Part 3,49
502,그 사람은 어디에,조용필,조용필 리사이틀 그리고... 오리지널 진한 찻잔,32
503,허공,조용필,한국(韓國) 최고가수(最高歌手) 36인 남자가수편(男子歌手篇),185
504,꽃바람,조용필,조용필 콘서트 실황음반(일본 Nhk 主崔),33
505,모나리자 (Live Ver.),조용필,조용필콘서트 90,37
506,아하! 그렇지 (Live Ver.),조용필,조용필콘서트 90,37
507,한오백년 (Live Ver.),조용필,조용필콘서트 90,35
508,백조의 호수 (조용필 선생님을 생각하며),영조,백조의 호수 (조용필 선생님을 생각하며),5
509,백조의 호수 (조용필 선생님을 생각하며) (MR),영조,백조의 호수 (조용필 선생님을 생각하며),0
510,조용필 탄생하다,박윤서,웰컴투 삼달리 OST BGM,6
511,세렝게티처럼,조용필,Road to 20 - Prelude 2,740
512,찰나,조용필,Road to 20 - Prelude 2,841
513,세렝게티처럼,조용필,Road to 20 - Prelude 1,"2,609"
514,사랑사랑사랑은,조용필,조용필 특선,134
515,모두몰라요,조용필,조용필 특선,67
516,새들의합창 (경음악),조용필,조용필 특선,40
517,아무도없는여름 (경음악),조용필,조용필 특선,45
518,즐겁던그날,조용필,조용필 특선,79
519,돌아와요 부산항에,조용필,45TH ANNIVERSARY CONCERT HELLO,331
520,못찾겠다 꾀꼬리,조용필,45TH ANNIVERSARY CONCERT HELLO,281
521,설렘,조용필,45TH ANNIVERSARY CONCERT HELLO,203
522,자존심,조용필,45TH ANNIVERSARY CONCERT HELLO,238
523,HELLO,조용필,45TH ANNIVERSARY CONCERT HELLO,229
524,OPENING HELLO,조용필,45TH ANNIVERSARY CONCERT HELLO,231
525,이별의 순간,조용필,이채연 - 둘이넘던 고갯길,50
526,이별의 순간,조용필,젊은이가 뽑은 인기곡 제2집,35
527,정,조용필,그대 내곁에 있으면 / 청춘만세,69
528,사랑의 그림자,조용필,톱가수 4인의 특선집,65
529,이별의 순간,조용필,톱가수 4인의 특선집,49
530,정,조용필,톱가수 4인의 특선집,52
531,길잃은 철새,조용필,77년도 대학가에서 애창되는 히트송 모음집,39
532,사랑의 그림자,조용필,77년도 대학가에서 애창되는 히트송 모음집,42
533,정,조용필,77년도 대학가에서 애창되는 히트송 모음집,37
534,못찾겠다 꾀꼬리 (원곡가수 조용필),김경호,나는 가수다 명곡 Best 10,911
535,Hello (Full Japanese Version) (Feat. TAECYEON),조용필,Hello (Japan Edition Korea Version),261
536,마도요 (원곡가수 조용필),이정(J.Lee),'나는 가수다 2' The Last 서바이벌 11월의 가수 예선전,256
537,그 겨울의 찻집 (조용필),인순이,[나는 가수다] 경연9-2. '조용필 스페셜',128
538,가는 세월,권윤경,"짚시 로망스 카페노래 1, 2 (조용필 & 나훈아 힛트곡편)",21
539,갈무리,권윤경,"짚시 로망스 카페노래 1, 2 (조용필 & 나훈아 힛트곡편)",36
540,과거는 흘러갔다,권윤경,"짚시 로망스 카페노래 1, 2 (조용필 & 나훈아 힛트곡편)",26
541,꽃순이를 아시나요,권윤경,"짚시 로망스 카페노래 1, 2 (조용필 & 나훈아 힛트곡편)",22
542,낙엽이 가는길,권윤경,"짚시 로망스 카페노래 1, 2 (조용필 & 나훈아 힛트곡편)",22
543,동행,권윤경,"짚시 로망스 카페노래 1, 2 (조용필 & 나훈아 힛트곡편)",15
544,두 손을 잡아요,권윤경,"짚시 로망스 카페노래 1, 2 (조용필 & 나훈아 힛트곡편)",3
545,무시로,권윤경,"짚시 로망스 카페노래 1, 2 (조용필 & 나훈아 힛트곡편)",10
546,벌써 나를 잊으셨나요,권윤경,"짚시 로망스 카페노래 1, 2 (조용필 & 나훈아 힛트곡편)",9
547,보통 여자,권윤경,"짚시 로망스 카페노래 1, 2 (조용필 & 나훈아 힛트곡편)",21
548,빗소리는 나의 마음,권윤경,"짚시 로망스 카페노래 1, 2 (조용필 & 나훈아 힛트곡편)",11
549,사랑,권윤경,"짚시 로망스 카페노래 1, 2 (조용필 & 나훈아 힛트곡편)",14
550,사랑은 기러기,권윤경,"짚시 로망스 카페노래 1, 2 (조용필 & 나훈아 힛트곡편)",10
551,사랑하기 때문에,권윤경,"짚시 로망스 카페노래 1, 2 (조용필 & 나훈아 힛트곡편)",8
552,슬픈미소,권윤경,"짚시 로망스 카페노래 1, 2 (조용필 & 나훈아 힛트곡편)",24
553,아마도 빗물이겠지,권윤경,"짚시 로망스 카페노래 1, 2 (조용필 & 나훈아 힛트곡편)",27
554,어쩌란 말인가요,권윤경,"짚시 로망스 카페노래 1, 2 (조용필 & 나훈아 힛트곡편)",18
555,영영,권윤경,"짚시 로망스 카페노래 1, 2 (조용필 & 나훈아 힛트곡편)",45
556,옛님,권윤경,"짚시 로망스 카페노래 1, 2 (조용필 & 나훈아 힛트곡편)",13
557,외로워 마세요,권윤경,"짚시 로망스 카페노래 1, 2 (조용필 & 나훈아 힛트곡편)",12
558,이별의 순간,권윤경,"짚시 로망스 카페노래 1, 2 (조용필 & 나훈아 힛트곡편)",5
559,잊게해주오,권윤경,"짚시 로망스 카페노래 1, 2 (조용필 & 나훈아 힛트곡편)",25
560,해변의 여인,권윤경,"짚시 로망스 카페노래 1, 2 (조용필 & 나훈아 힛트곡편)",19
561,해후 (邂逅),권윤경,"짚시 로망스 카페노래 1, 2 (조용필 & 나훈아 힛트곡편)",17
562,그대여,조용필,조용필 40주년 기념 콘서트 - The History 킬리만자로의 표범,214
563,나는 너 좋아,조용필,조용필 40주년 기념 콘서트 - The History 킬리만자로의 표범,251
564,자존심,조용필,조용필 40주년 기념 콘서트 - The History 킬리만자로의 표범,159
565,한강,조용필,조용필 40주년 기념 콘서트 - The History 킬리만자로의 표범,133
566,(MR 반주곡) 고추잠자리 (조용필),Various Artists,MR반주곡  3집,3
567,(MR 반주곡) 그겨울의찻집 (조용필),Various Artists,MR반주곡  1집,16
568,(MR 반주곡) 그대발길머무는곳에 (조용필),Various Artists,MR반주곡  4집,2
569,(MR 반주곡) 그대여 (조용필),Various Artists,MR반주곡  4집,2
570,(MR 반주곡) 모나리자 (조용필),Various Artists,MR반주곡  9집,13
571,(MR 반주곡) 못찾겠다꾀꼬리 (조용필),Various Artists,MR반주곡  10집,2
572,(MR 반주곡) 미워미워미워 (조용필),Various Artists,MR반주곡  10집,3
573,(MR 반주곡) 미지의세계 (조용필),Various Artists,MR반주곡  10집,2
574,(MR 반주곡) 바람이전하는말 (조용필),Various Artists,MR반주곡  10집,4
575,(MR 반주곡) 사랑은아직도끝나지않았네 (조용필),Various Artists,MR반주곡  12집,6
576,(MR 반주곡) 서울서울서울 (조용필),Various Artists,MR반주곡  14집,3
577,(MR 반주곡) 킬리만자로의표범 (조용필),Various Artists,MR반주곡  21집,4
578,(MR 반주곡) 타인 (조용필),Various Artists,MR반주곡  21집,3
579,(MR 반주곡) Q (조용필),Various Artists,MR반주곡  25집,3
580,여행을 떠나요 (조용필),장철웅,라이브 카페 1 & 2,4
581,모나리자 (조용필),김학도,모창 첫번째 이야기,5
582,여행을 떠나요 (조용필),장철웅,촛불에 흐르는 연가,3
583,정 (조용필),하윤주,추억의 카페노래 - 당신은 나의 운명,16
584,돌아와요 부산항에,조용필,Big Gold 80 Cho Yong-Phil G,182
585,간양록,조용필,Big Gold 80 Cho Yong-Phil G,104
586,그 겨울의 찻집,조용필,내마음의 풍경 G,50
587,그 겨울의 찻집,조용필,Big Gold 80 Cho Yong-Phil G,77
588,그대여,조용필,Big Gold 80 Cho Yong-Phil G,60
589,길 잃은 철새,조용필,Big Gold 80 Cho Yong-Phil G,62
590,나는 너 좋아,조용필,Big Gold 80 Cho Yong-Phil G,59
591,나의 노래,조용필,Big Gold 80 Cho Yong-Phil G,52
592,내 입술에 그대 눈물,조용필,Big Gold 80 Cho Yong-Phil G,51
593,내 청춘의 빈잔,조용필,Big Gold 80 Cho Yong-Phil G,52
594,내가 어렸을 적엔,조용필,Big Gold 80 Cho Yong-Phil G,50
595,너의 빈자리,조용필,Big Gold 80 Cho Yong-Phil G,67
596,눈물로 보이는 그대,조용필,Big Gold 80 Cho Yong-Phil G,61
597,눈물의 파티,조용필,Big Gold 80 Cho Yong-Phil G,72
598,대전 블루스,조용필,Big Gold 80 Cho Yong-Phil G,82
599,돌아오지 않는 강,조용필,Big Gold 80 Cho Yong-Phil G,68
600,들꽃,조용필,Big Gold 80 Cho Yong-Phil G,123
601,뜻밖의 이별,조용필,Big Gold 80 Cho Yong-Phil G,61
602,못찾겠다 꾀꼬리,조용필,Big Gold 80 Cho Yong-Phil G,71
603,무정유정,조용필,Big Gold 80 Cho Yong-Phil G,48
604,물망초,조용필,Big Gold 80 Cho Yong-Phil G,56
605,미워 미워 미워,조용필,Big Gold 80 Cho Yong-Phil G,87
606,미지의 세계,조용필,Big Gold 80 Cho Yong-Phil G,48
607,바람과 갈대,조용필,Big Gold 80 Cho Yong-Phil G,45
608,바람이 전하는 말,조용필,Big Gold 80 Cho Yong-Phil G,75
609,벌써 잊었나,조용필,Big Gold 80 Cho Yong-Phil G,44
610,보고 싶은 여인아,조용필,Big Gold 80 Cho Yong-Phil G,70
611,비련,조용필,Big Gold 80 Cho Yong-Phil G,86
612,사랑은 아직도 끝나지 않았나,조용필,Big Gold 80 Cho Yong-Phil G,61
613,사랑의 만가,조용필,Big Gold 80 Cho Yong-Phil G,47
614,사랑하기 때문에,조용필,Big Gold 80 Cho Yong-Phil G,62
615,산유화,조용필,Big Gold 80 Cho Yong-Phil G,42
616,산장의 여인,조용필,Big Gold 80 Cho Yong-Phil G,47
617,선구자,조용필,Big Gold 80 Cho Yong-Phil G,55
618,세월,조용필,Big Gold 80 Cho Yong-Phil G,70
619,얄미운 님아,조용필,Big Gold 80 Cho Yong-Phil G,47
620,"어제, 오늘, 그리고",조용필,Big Gold 80 Cho Yong-Phil G,83
621,여와 남,조용필,Big Gold 80 Cho Yong-Phil G,53
622,여자의 정,조용필,Big Gold 80 Cho Yong-Phil G,45
623,영원 속으로,조용필,Big Gold 80 Cho Yong-Phil G,42
624,외로워 마세요,조용필,Big Gold 80 Cho Yong-Phil G,71
625,이별의 뒤안길,조용필,Big Gold 80 Cho Yong-Phil G,77
626,인물 현대사,조용필,Big Gold 80 Cho Yong-Phil G,49
627,일편단심 민들레야,조용필,Big Gold 80 Cho Yong-Phil G,148
628,잊기로 했네,조용필,Big Gold 80 Cho Yong-Phil G,64
629,잊을 수 없는 너,조용필,Big Gold 80 Cho Yong-Phil G,63
630,자존심,조용필,Big Gold 80 Cho Yong-Phil G,58
631,정,조용필,Big Gold 80 Cho Yong-Phil G,61
632,정말 모르겠네,조용필,Big Gold 80 Cho Yong-Phil G,39
633,정의 마음,조용필,Big Gold 80 Cho Yong-Phil G,53
634,차라리 학이 되리라,조용필,Big Gold 80 Cho Yong-Phil G,47
635,창밖의 여자,조용필,Big Gold 80 Cho Yong-Phil G,75
636,프리 마돈나,조용필,Big Gold 80 Cho Yong-Phil G,42
637,한강,조용필,Big Gold 80 Cho Yong-Phil G,53
638,한오백년,조용필,Big Gold 80 Cho Yong-Phil G,74
639,황성 옛터,조용필,Big Gold 80 Cho Yong-Phil G,60
640,간양록,조용필,조용필 베스트 2집,75
641,고추잠자리,조용필,조용필 베스트 2집,54
642,그대여,조용필,조용필 베스트 2집,44
643,나는 너 좋아,조용필,조용필 베스트 2집,64
644,난 아니야,조용필,조용필 베스트 2집,64
645,내 청춘의 빈잔,조용필,조용필 베스트 2집,48
646,눈물의 파티,조용필,조용필 베스트 2집,50
647,돌아오지 않는 강,조용필,조용필 베스트 2집,56
648,따오기,조용필,조용필 베스트 2집,40
649,무정유정,조용필,조용필 베스트 2집,40
650,바람과 갈대,조용필,조용필 베스트 2집,42
651,바람이 전하는 말,조용필,조용필 베스트 2집,66
652,벌써 잊었나,조용필,조용필 베스트 2집,40
653,산유화,조용필,조용필 베스트 2집,52
654,슬픈미소,조용필,조용필 베스트 2집,65
655,아시아의 불꽃,조용필,조용필 베스트 2집,52
656,영원속으로,조용필,조용필 베스트 2집,36
657,외로워 마세요,조용필,조용필 베스트 2집,77
658,자존심,조용필,조용필 베스트 2집,42
659,정의 마음,조용필,조용필 베스트 2집,37
660,차라리 학이 되리라,조용필,조용필 베스트 2집,40
661,프리마돈나,조용필,조용필 베스트 2집,31
662,한강,조용필,조용필 베스트 2집,54
663,황진이,조용필,조용필 베스트 2집,108
664,그 겨울의 찻집,조용필,미인시대,68
665,길 잃은 철새,조용필,미인시대,38
666,너무 짧아요,조용필,미인시대,35
667,돌아오지 않는 강,조용필,미인시대,45
668,못찾겠다 꾀꼬리,조용필,미인시대,31
669,물망초,조용필,미인시대,42
670,바람이 전하는말,조용필,미인시대,53
671,비련,조용필,미인시대,51
672,사랑은 아직도 끝나지 않았네,조용필,미인시대,53
673,일편단심 민들레야,조용필,미인시대,48
674,잊기로 했네,조용필,미인시대,35
675,정,조용필,미인시대,37
676,창밖의 여자,조용필,미인시대,49
677,꽃이여,조용필,Over The Rainbow,237
678,내일을 위해,조용필,Over The Rainbow,106
679,도시의 Opera,조용필,Over The Rainbow,184
680,오늘도,조용필,Over The Rainbow,147
681,일성(一聲),조용필,Over The Rainbow,136
682,With,조용필,Over The Rainbow,125
683,단발머리,조용필,시간 속 향기,31
684,돌아와요 부산항에,조용필,남자의 향기 CD2,27
685,창밖의 여자,조용필,남자의 향기 CD1,26
686,창밖의 여자,조용필,박하향기,25
687,창밖의 여자,조용필,내 젊은 날의 초상 2,30
688,그 겨울의 찻집,조용필,"내 젊은 날의 초상 1 (KBS 제2라디오 이홍렬, 임예진의 12시 Q)",131
689,돌아오지 않는 강,조용필,"내 젊은 날의 초상 1 (KBS 제2라디오 이홍렬, 임예진의 12시 Q)",33
690,모나리자,유상록,유상록의 Remake 조용필 Best 2,1
691,큐,유상록,유상록의 Remake 조용필 Best 1,11
692,어제 오늘 그리고,유상록,유상록의 Remake 조용필 Best 2,6
693,고추잠자리,유상록,유상록의 Remake 조용필 Best 2,3
694,그 겨울의 찻집,유상록,유상록의 Remake 조용필 Best 1,14
695,그대 발길 머무는 곳에,유상록,유상록의 Remake 조용필 Best 1,11
696,꿈,유상록,유상록의 Remake 조용필 Best 1,4
697,나는 너 좋아,유상록,유상록의 Remake 조용필 Best 2,3
698,눈물로 보이는 그대,유상록,유상록의 Remake 조용필 Best 1,5
699,눈물의 파티,유상록,유상록의 Remake 조용필 Best 2,6
700,단발머리,유상록,유상록의 Remake 조용필 Best 2,2
701,돌아와요 부산항에,유상록,유상록의 Remake 조용필 Best 2,1
702,마도요,유상록,유상록의 Remake 조용필 Best 2,2
703,못찾겠다 꾀꼬리,유상록,유상록의 Remake 조용필 Best 2,2
704,비련,유상록,유상록의 Remake 조용필 Best 1,11
705,여행을 떠나요,유상록,유상록의 Remake 조용필 Best 2,3
706,자존심,유상록,유상록의 Remake 조용필 Best 2,3
707,정,유상록,유상록의 Remake 조용필 Best 1,8
708,창밖의 여자,유상록,유상록의 Remake 조용필 Best 1,7
709,촛불,유상록,유상록의 Remake 조용필 Best 2,2
710,킬리만자로의 표범,유상록,유상록의 Remake 조용필 Best 1,4
711,창밖의 여자,조용필,드림포크송 2000 Vol. 5,22
712,상처,조용필,드림포크송 2000 Vol. 4,43
713,그 겨울의 찻집,조용필,드림포크송 2000 Vol.3,31
714,친구여,조용필,드림포크송 2000 Vol. 2,22
715,간양록,조용필,30주년 기념음반 Part 2,72
716,HOT 물망초,조용필,30주년 기념음반 Part 2,99
717,HOT 산유화,조용필,30주년 기념음반 Part 2,73
718,창밖의 여자,조용필,30주년 기념음반 Part 2,90
719,촛불,조용필,30주년 기념음반 Part 2,107
720,흔적의 의미,조용필,30주년 기념음반 Part 2,40
721,정 (조용필),강소희,강소희 재회 카페노래,1
722,고독한 Runner,조용필,30주년 기념 음반 Part 1,261
723,미워 미워 미워,조용필,30주년 기념 음반 Part 1,59
724,HOT 이별의 인사,조용필,30주년 기념 음반 Part 1,112
725,HOT 정,조용필,30주년 기념 음반 Part 1,99
726,마지막이 될 수 있게,조용필,조용필 16집,168
727,물결 속에서,조용필,조용필 16집,152
728,사랑의 숙제,조용필,조용필 16집,88
729,연인의 속삭임,조용필,조용필 16집,133
730,눈물의 파티,조용필,한국가요사 23집,24
731,너의 그 느낌,조용필,조용필 15집,111
732,영혼은 잠이 들고,조용필,조용필 15집,88
733,HOT 예전 그대로,조용필,조용필 15집,135
734,태양이 떠오를 때면,조용필,조용필 15집,104
735,돌아와요 부산항에,조용필,슈퍼스타 대표곡집,23
736,돌아와요 부산항에,조용필,골든 히트 앨범 6,71
737,미워 미워 미워,조용필,슈퍼스타 대표곡집,17
738,보고 싶은 여인아,조용필,슈퍼스타 대표곡집,20
739,일편단심 민들레야,조용필,슈퍼스타 대표곡집,19
740,겨울밤,조용필,캐롤 베스트,36
741,산타 할아버지 오시네,조용필,캐롤 베스트,27
742,첫번째 크리스마스,조용필,캐롤 베스트,23
743,화이트 크리스마스,조용필,캐롤 베스트,30
744,정,조용필,골든 히트 앨범 7,24
745,그 겨울의 찻집,조용필,조용필 Best 2집,52
746,내 이름은 구름이여,조용필,조용필 Best 2집,51
747,돌아오지 않는 강,조용필,조용필 Best 2집,39
748,사랑의 자장가,조용필,조용필 Best 2집,72
749,사랑해요,조용필,조용필 Best 2집,40
750,정,조용필,조용필 Best 2집,39
751,눈물의 파티,조용필,조용필 BEST 1집,50
752,물망초,조용필,조용필 BEST 1집,49
753,창 밖의 여자,조용필,조용필 BEST 1집,82
754,친구여,조용필,조용필 BEST 1집,55
755,길잃은 철새,조용필,그시절 그노래 제 26집,18
756,정,조용필,그시절 그노래 제 21집,18
757,봄비,"조용필, 김희갑",앙상블,66
758,나의 사랑은,조용필,Ambition,97
759,내 삶의 이유,조용필,Ambition,124
760,독백,조용필,Ambition,90
761,작은 천국,조용필,Ambition,146
762,친구의 아침,조용필,Ambition,164
763,나도 몰라,조용필,'88 조용필 10집,98
764,서울 1987년,조용필,'88 조용필 10집,154
765,우주여행 X,조용필,'88 조용필 10집,138
766,회색의 도시,조용필,'88 조용필 10집,136
767,I Love You,조용필,'88 조용필 10집,84
768,깊은 정,조용필,조용필,63
769,돌아오지 않는 강,조용필,조용필,412
770,못잊어,조용필,조용필,96
771,서러워 말아요,조용필,조용필,65
772,옛 일,조용필,조용필,57
773,창밖의 여자,조용필,톱가수 16인의 히트곡 2집,61
774,사랑해요,조용필,사랑과 인생과 나,110
775,이별 뒤의 사랑,조용필,사랑과 인생과 나,77
776,벌써 잊었나,조용필,조용필 8집 (Remastered),116
777,사랑의 만가,조용필,조용필 8집 (Remastered),99
778,얄미운 님아,조용필,조용필 8집 (Remastered),124
779,진짜사나이,조용필,조용필 8집 (Remastered),95
780,나의 노래,조용필,조용필 7집,185
781,눈물로 보이는 그대,조용필,조용필 7집,235
782,고향 만리,조용필,조용필의 옛노래,33
783,꿈이여 다시 한번,조용필,조용필의 옛노래,50
784,대지의 항구,조용필,조용필의 옛노래,37
785,물방아 도는 내력,조용필,조용필의 옛노래,29
786,바다가 육지라면,조용필,조용필의 옛노래,31
787,서울이여 안녕,조용필,조용필의 옛노래,42
788,선창,조용필,조용필의 옛노래,40
789,아씨,조용필,조용필의 옛노래,45
790,그대 눈물이 마를 때,조용필,조용필 6집,183
791,나그네 바람,조용필,조용필 6집,70
792,무정유정,조용필,조용필 6집,59
793,바람과 갈대,조용필,조용필 6집,89
794,어떤 결정,조용필,조용필 6집,67
795,영원 속으로,조용필,조용필 6집,50
796,정말 모르겠네,조용필,조용필 6집,63
797,정의 마음,조용필,조용필 6집,176
798,차라리 학이 되리라,조용필,조용필 6집,69
799,선구자,조용필,조용필 5집,88
800,우울한 주말 (Inst.),조용필,조용필 5집,60
801,이별의 뒤안길,조용필,조용필 5집,147
802,따오기,조용필,조용필 4집,90
803,보고싶은 여인아,조용필,조용필 4집,166
804,사랑해주오,조용필,조용필 그의 세계 (사랑해주오/마음속의 그림자),19
805,꿈을 꾸리,조용필,조용필 그의 세계 (사랑해주오/마음속의 그림자),16
806,님의 목소리,조용필,조용필 그의 세계 (사랑해주오/마음속의 그림자),15
807,님이여,조용필,조용필 그의 세계 (사랑해주오/마음속의 그림자),17
808,마음속의 그림자,조용필,조용필 그의 세계 (사랑해주오/마음속의 그림자),18
809,사랑의 마리아,조용필,조용필 그의 세계 (사랑해주오/마음속의 그림자),22
810,세월이 가면,조용필,조용필 그의 세계 (사랑해주오/마음속의 그림자),21
811,옛일,조용필,조용필 그의 세계 (사랑해주오/마음속의 그림자),16
812,뜻밖의 이별,조용필,조용필 2집,78
813,사랑은 아직도 끝나지 않았네,조용필,조용필 2집,159
814,슬픈 미소,조용필,조용필 2집,78
815,오빠생각,조용필,조용필 2집,76
816,인물현대사,조용필,조용필 2집,79
817,길잃은 철새,조용필,TOP 가수 4인의 특선집,27
818,사랑의 그림자,조용필,TOP 가수 4인의 특선집,18
819,이별의 순간,조용필,TOP 가수 4인의 특선집,15
820,정,조용필,TOP 가수 4인의 특선집,15
821,Lead Me On,조용필,조용필 데뷰집,83
822,고운님내님,조용필,조용필 데뷰집,27
823,꿈을꾸리,조용필,조용필 데뷰집,19
824,미워미워미워 (경음악),조용필,조용필 데뷰집,17
825,반지의 상처,조용필,조용필 데뷰집,22
826,사랑의 자장가/마리아,조용필,조용필 데뷰집,29
827,Chesara,조용필,조용필 데뷰집,23
828,Turn Around Look At Me,조용필,조용필 데뷰집,16
829,꿈을 꾸리,조용필,스테레오 힛트앨범 1집,53
830,내 마음속의 그림자,조용필,스테레오 힛트앨범 1집,48
831,님이여,조용필,스테레오 힛트앨범 1집,55
832,사랑의 자장가,조용필,스테레오 힛트앨범 1집,51
833,세월은 가도,조용필,스테레오 힛트앨범 1집,50
834,옛일,조용필,스테레오 힛트앨범 1집,39
835,일하지 않으면 사랑도 않을래,조용필,스테레오 힛트앨범 1집,47
836,작은집,조용필,스테레오 힛트앨범 1집,43
837,사랑은 아직도 끝나지 않았네,조용필,열창 조용필 - 사랑은 아직도 끝나지 않았네,80
838,간양록,조용필,조용필 베스트 1집,71
839,고추잠자리,조용필,열창 조용필 - 사랑은 아직도 끝나지 않았네,76
840,고향 만리,조용필,조용필 옛노래,35
841,그 겨울의 찻집,조용필,열창 조용필 - 사랑은 아직도 끝나지 않았네,133
842,길 잃은 철새,조용필,열창 조용필 - 사랑은 아직도 끝나지 않았네,32
843,길 잃은 철새,조용필,조용필 옛노래,39
844,길잃은 철새,조용필,조용필 베스트 1집,43
845,꿈이여 다시 한번,조용필,조용필 옛노래,28
846,나그네 설움,조용필,조용필 옛노래,41
847,내 이름은 구름이여,조용필,열창 조용필 - 사랑은 아직도 끝나지 않았네,56
848,내 청춘의 빈잔,조용필,열창 조용필 - 사랑은 아직도 끝나지 않았네,42
849,녹슬은 기찻길,조용필,조용필 옛노래,29
850,누가 울어,조용필,조용필 옛노래,49
851,눈물의 파티,조용필,The Musician Series - 조용필 / 송골매,31
852,단발머리,조용필,조용필 베스트 1집,182
853,단발머리,조용필,The Musician Series - 조용필 / 송골매,39
854,돌아오지 않는 강,조용필,열창 조용필 - 사랑은 아직도 끝나지 않았네,126
855,명동 블루스,조용필,조용필 옛노래,30
856,목포의 눈물,조용필,조용필 옛노래,44
857,못찾겠다 꾀꼬리,조용필,The Musician Series - 조용필 / 송골매,35
858,못찾겠다 꾀꼬리,조용필,조용필 베스트 1집,46
859,물망초,조용필,조용필 베스트 1집,55
860,물방아 도는 내력,조용필,조용필 옛노래,30
861,미사의 노래,조용필,조용필 옛노래,29
862,미워 미워 미워,조용필,조용필 베스트 1집,42
863,미워 미워 미워,조용필,The Musician Series - 조용필 / 송골매,23
864,바다가 육지라면,조용필,조용필 옛노래,24
865,바람이 전하는 말,조용필,The Musician Series - 조용필 / 송골매,41
866,바람이 전하는 말,조용필,열창 조용필 - 사랑은 아직도 끝나지 않았네,86
867,불효자는 웁니다,조용필,조용필 옛노래,43
868,비련,조용필,조용필 베스트 1집,89
869,사랑은 아직도 끝나지 않았데,조용필,The Musician Series - 조용필 / 송골매,33
870,사랑하기 때문에,조용필,열창 조용필 - 사랑은 아직도 끝나지 않았네,56
871,산유화,조용필,조용필 베스트 1집,35
872,산장의 여인,조용필,조용필 옛노래,36
873,산장의 여인,조용필,조용필 베스트 1집,31
874,서울이여 안녕,조용필,조용필 옛노래,25
875,선창,조용필,조용필 옛노래,28
876,아내의 노래,조용필,조용필 옛노래,34
877,애수의 소야곡,조용필,조용필 옛노래,37
878,"어제, 오늘, 그리고",조용필,열창 조용필 - 사랑은 아직도 끝나지 않았네,110
879,여와 남,조용필,조용필 베스트 1집,37
880,외로워 마세요,조용필,조용필 베스트 1집,39
881,일편단심 민들레야,조용필,The Musician Series - 조용필 / 송골매,37
882,잊기로 했네,조용필,조용필 베스트 1집,105
883,자존심,조용필,조용필 베스트 1집,37
884,정,조용필,조용필 옛노래,41
885,정,조용필,조용필 베스트 1집,38
886,지평선은 말이 없다,조용필,조용필 옛노래,28
887,창밖의 여자,조용필,열창 조용필 - 사랑은 아직도 끝나지 않았네,111
888,촛불,조용필,The Musician Series - 조용필 / 송골매,48
889,촛불,조용필,열창 조용필 - 사랑은 아직도 끝나지 않았네,51
890,친구여,조용필,열창 조용필 - 사랑은 아직도 끝나지 않았네,92
891,친구여,조용필,The Musician Series - 조용필 / 송골매,25
892,킬리만자로의 표범,조용필,열창 조용필 - 사랑은 아직도 끝나지 않았네,108
893,해운대 엘레지,조용필,조용필 옛노래,61
894,황성옛터,조용필,조용필 옛노래,34
895,그겨울의찻집,조용필,추억과 낭만의 포크송,377
896,想いで迷子 (Omoide Maigo) (日本語 原語 / Nihongo Gengo),조용필,チョ- · ヨンピル オリジナル · ヒット集 I. 釜山港へ歸れ～想いで迷子 (Cho Yongpil Original Hitshu Pusankohekaere Omoidemaigo),86
897,想いで迷子 / Omoide Maigo (기억속 미아) (Original Karaoke),조용필,チョ-·ヨンピル オリジナル·ヒット集 I. 釜山港へ歸れ~想いで迷子 (Original Karaoke),35
898,가랑비,조용필,"슬픈 연가(戀歌)-조용필의 숨겨진 보석같은 노래, Cho Yong Pil Best",40
899,간양록,조용필,Greatest Hits Collection - 조용필의 음악인생 35년을 회상하며,44
900,고궁,조용필,90-Vol.1 Sailng Sound,93
901,고추잠자리,조용필,Greatest Hits Collection - 조용필의 음악인생 35년을 회상하며,37
902,고향만리,조용필,Greatest Hits Collection - 조용필의 음악인생 35년을 회상하며,26
903,그 겨울의 찻집,조용필,노래의 발견 Blue - 우울과 방황의 청춘,48
904,그 겨울의 찻집,조용필,30주년 기념음반 Part 3,83
905,그대 숨결 속에서,조용필,90-Vol.1 Sailng Sound,112
906,그대 향기는 흩날리고,조용필,30주년 기념음반 Part 3,78
907,그대를 사랑해,조용필,30주년 기념음반 Part 3,60
908,그대의 향기는 흩날리고,조용필,90-Vol.1 Sailng Sound,232
909,기다림,조용필,The Dreams,141
910,길 잃은 철새,조용필,Greatest Hits Collection - 조용필의 음악인생 35년을 회상하며,29
911,꽃바람,조용필,Greatest Hits Collection - 조용필의 음악인생 35년을 회상하며,36
912,꿈을 꾸며,조용필,The Dreams,112
913,꿈의 요정,조용필,The Dreams,196
914,꿈이여 다시한번,조용필,Greatest Hits Collection - 조용필의 음악인생 35년을 회상하며,33
915,끝없는 날개짓 하늘로,조용필,30주년 기념음반 Part 3,113
916,나그네 바람,조용필,"슬픈 연가(戀歌)-조용필의 숨겨진 보석같은 노래, Cho Yong Pil Best",37
917,나무야,조용필,90-Vol.1 Sailng Sound,91
918,나비리본의 추억,조용필,90-Vol.1 Sailng Sound,103
919,난 아니야,조용필,Greatest Hits Collection - 조용필의 음악인생 35년을 회상하며,39
920,내 마음 당신곁으로,조용필,Greatest Hits Collection - 조용필의 음악인생 35년을 회상하며,81
921,내 이름은 구름이여,조용필,30주년 기념음반 Part 3,114
922,내 이름은 구름이여,조용필,Greatest Hits Collection - 조용필의 음악인생 35년을 회상하며,85
923,내 입술에 그대 눈물,조용필,"슬픈 연가(戀歌)-조용필의 숨겨진 보석같은 노래, Cho Yong Pil Best",86
924,내가 어렸을 적엔,조용필,Greatest Hits Collection - 조용필의 음악인생 35년을 회상하며,34
925,녹슬은 기찻길,조용필,Greatest Hits Collection - 조용필의 음악인생 35년을 회상하며,26
926,누가 울어,조용필,Greatest Hits Collection - 조용필의 음악인생 35년을 회상하며,30
927,눈물로 보이는 그대,조용필,Greatest Hits Collection - 조용필의 음악인생 35년을 회상하며,32
928,눈물로 보이는 그대,조용필,"슬픈 연가(戀歌)-조용필의 숨겨진 보석같은 노래, Cho Yong Pil Best",51
929,눈물의 파티,조용필,노래의 발견 Blue - 우울과 방황의 청춘,28
930,눈물의 파티,조용필,Greatest Hits Collection - 조용필의 음악인생 35년을 회상하며,34
931,단발머리,조용필,Greatest Hits Collection - 조용필의 음악인생 35년을 회상하며,35
932,단발머리,조용필,The Original,"3,723"
933,대전블루스,조용필,"슬픈 연가(戀歌)-조용필의 숨겨진 보석같은 노래, Cho Yong Pil Best",30
934,대지의 항구,조용필,Greatest Hits Collection - 조용필의 음악인생 35년을 회상하며,30
935,돌아오지 않는 강,조용필,Greatest Hits Collection - 조용필의 음악인생 35년을 회상하며,29
936,돌아와요 부산항에,조용필,Greatest Hits Collection - 조용필의 음악인생 35년을 회상하며,38
937,들꽃,조용필,Greatest Hits Collection - 조용필의 음악인생 35년을 회상하며,81
938,마음속의 그림자,조용필,젊음의 노래 16 히트곡 모음 3,29
939,명동 블루스,조용필,Greatest Hits Collection - 조용필의 음악인생 35년을 회상하며,31
940,못찾겠다 꾀꼬리,조용필,Greatest Hits Collection - 조용필의 음악인생 35년을 회상하며,33
941,무정유정,조용필,"슬픈 연가(戀歌)-조용필의 숨겨진 보석같은 노래, Cho Yong Pil Best",38
942,물결 속에서,조용필,30주년 기념음반 Part 3,54
943,물망초,조용필,Greatest Hits Collection - 조용필의 음악인생 35년을 회상하며,31
944,물망초,조용필,"슬픈 연가(戀歌)-조용필의 숨겨진 보석같은 노래, Cho Yong Pil Best",32
945,물방아 도는 내력,조용필,Greatest Hits Collection - 조용필의 음악인생 35년을 회상하며,25
946,미사의 노래,조용필,Greatest Hits Collection - 조용필의 음악인생 35년을 회상하며,27
947,미워 미워 미워,조용필,Greatest Hits Collection - 조용필의 음악인생 35년을 회상하며,32
948,미워미워미워,조용필,"슬픈 연가(戀歌)-조용필의 숨겨진 보석같은 노래, Cho Yong Pil Best",32
949,미지의 세계,조용필,Greatest Hits Collection - 조용필의 음악인생 35년을 회상하며,35
950,미지의 세계,조용필,30주년 기념음반 Part 3,66
951,바다가 육지라면,조용필,Greatest Hits Collection - 조용필의 음악인생 35년을 회상하며,27
952,바람과 갈대,조용필,"슬픈 연가(戀歌)-조용필의 숨겨진 보석같은 노래, Cho Yong Pil Best",43
953,벌써 잊었나,조용필,"슬픈 연가(戀歌)-조용필의 숨겨진 보석같은 노래, Cho Yong Pil Best",42
954,벌써 잊었나,조용필,Greatest Hits Collection - 조용필의 음악인생 35년을 회상하며,29
955,보고싶은 여인아,조용필,Greatest Hits Collection - 조용필의 음악인생 35년을 회상하며,44
956,보고싶은 여인아,조용필,"슬픈 연가(戀歌)-조용필의 숨겨진 보석같은 노래, Cho Yong Pil Best",49
957,봄날은 간다,조용필,Greatest Hits Collection - 조용필의 음악인생 35년을 회상하며,60
958,비련,조용필,"슬픈 연가(戀歌)-조용필의 숨겨진 보석같은 노래, Cho Yong Pil Best",135
959,비련,조용필,Greatest Hits Collection - 조용필의 음악인생 35년을 회상하며,66
960,사랑은 아직도 끝나지 않았네,조용필,Greatest Hits Collection - 조용필의 음악인생 35년을 회상하며,42
961,사랑의 만가,조용필,"슬픈 연가(戀歌)-조용필의 숨겨진 보석같은 노래, Cho Yong Pil Best",41
962,사랑하기 때문에,조용필,Greatest Hits Collection - 조용필의 음악인생 35년을 회상하며,49
963,사랑해요,조용필,30주년 기념음반 Part 3,51
964,산유화,조용필,Greatest Hits Collection - 조용필의 음악인생 35년을 회상하며,32
965,산장의 여인,조용필,Greatest Hits Collection - 조용필의 음악인생 35년을 회상하며,29
966,서울이여 안녕,조용필,Greatest Hits Collection - 조용필의 음악인생 35년을 회상하며,27
967,선구자,조용필,Greatest Hits Collection - 조용필의 음악인생 35년을 회상하며,28
968,선창,조용필,Greatest Hits Collection - 조용필의 음악인생 35년을 회상하며,30
969,세월,조용필,Greatest Hits Collection - 조용필의 음악인생 35년을 회상하며,97
970,슬픈 미소,조용필,Greatest Hits Collection - 조용필의 음악인생 35년을 회상하며,30
971,"슬픈 오늘도, 기쁜 내일도",조용필,Cho Yong Pil,160
972,아내의 노래,조용필,Greatest Hits Collection - 조용필의 음악인생 35년을 회상하며,27
973,아씨,조용필,Greatest Hits Collection - 조용필의 음악인생 35년을 회상하며,26
974,아이마미,조용필,30주년 기념음반 Part 3,51
975,애수의 소야곡,조용필,Greatest Hits Collection - 조용필의 음악인생 35년을 회상하며,34
976,어젯밤 꿈속에서,조용필,30주년 기념음반 Part 3,72
977,에필로그,조용필,해운대 Live Part Ⅱ,30
978,여와 남,조용필,Greatest Hits Collection - 조용필의 음악인생 35년을 회상하며,30
979,여자의 정,조용필,Greatest Hits Collection - 조용필의 음악인생 35년을 회상하며,25
980,여자의 정,조용필,"슬픈 연가(戀歌)-조용필의 숨겨진 보석같은 노래, Cho Yong Pil Best",36
981,영원속으로,조용필,"슬픈 연가(戀歌)-조용필의 숨겨진 보석같은 노래, Cho Yong Pil Best",30
982,외로워 마세요,조용필,Greatest Hits Collection - 조용필의 음악인생 35년을 회상하며,33
983,이별의 뒤안길,조용필,Greatest Hits Collection - 조용필의 음악인생 35년을 회상하며,41
984,이별의 인사,조용필,Cho Yong Pil,110
985,일편단심 민들레야,조용필,Greatest Hits Collection - 조용필의 음악인생 35년을 회상하며,28
986,잊기로 했네,조용필,Greatest Hits Collection - 조용필의 음악인생 35년을 회상하며,34
987,잊을 수 없는 너,조용필,Greatest Hits Collection - 조용필의 음악인생 35년을 회상하며,29
988,자존심,조용필,Greatest Hits Collection - 조용필의 음악인생 35년을 회상하며,44
989,정,조용필,해운대 Live Part Ⅱ,28
990,정,조용필,"슬픈 연가(戀歌)-조용필의 숨겨진 보석같은 노래, Cho Yong Pil Best",34
991,정,조용필,Greatest Hits Collection - 조용필의 음악인생 35년을 회상하며,32
992,정의 마음,조용필,Greatest Hits Collection - 조용필의 음악인생 35년을 회상하며,27
993,지울 수 없는 꿈,조용필,The Dreams,100
994,창 밖의 여자,조용필,Greatest Hits Collection - 조용필의 음악인생 35년을 회상하며,44
995,창밖의 여자,조용필,한국가요사 17집,24
996,추억에도 없는 이별,조용필,30주년 기념음반 Part 3,94
997,추억이 잠든 거리,조용필,The Dreams,105
998,축복 (촛불),조용필,Greatest Hits Collection - 조용필의 음악인생 35년을 회상하며,31
999,친구여,조용필,Greatest Hits Collection - 조용필의 음악인생 35년을 회상하며,54
1000,친구여,조용필,한국가요사 22집,34
1001,킬리만자로의 표범,조용필,Greatest Hits Collection - 조용필의 음악인생 35년을 회상하며,55
1002,프롤로그 (Inst.),조용필,해운대 Live Part Ⅰ,29
1003,한강,조용필,Greatest Hits Collection - 조용필의 음악인생 35년을 회상하며,31
1004,한강,조용필,30주년 기념음반 Part 3,78
1005,한오백년,조용필,Greatest Hits Collection - 조용필의 음악인생 35년을 회상하며,38
1006,해운대 엘레지,조용필,Greatest Hits Collection - 조용필의 음악인생 35년을 회상하며,33
1007,황진이,조용필,Greatest Hits Collection - 조용필의 음악인생 35년을 회상하며,35
1008,흔들리는 나무,조용필,Cho Yong Pil,108
1009,흔적의 의미,조용필,Cho Yong Pil,95
1010,Jungle City,조용필,Cho Yong Pil,108
1011,おかっぱ頭 Okappa Atama) (日本語 / Nihongo),조용필,チョ- · ヨンピル オリジナル · ヒット集 I. 釜山港へ歸れ～想いで迷子 (Cho Yongpil Original Hitshu Pusankohekaere Omoidemaigo),74
1012,友に捧げる歌 (Tomoni Sasageru Uta) (日本語 / Nihongo),조용필,チョ- · ヨンピル オリジナル · ヒット集 I. 釜山港へ歸れ～想いで迷子 (Cho Yongpil Original Hitshu Pusankohekaere Omoidemaigo),65
1013,忘れな草 (Wasurenagusa) (日本語 原語 / Nihongo Gengo),조용필,チョ- · ヨンピル オリジナル · ヒット集 I. 釜山港へ歸れ～想いで迷子 (Cho Yongpil Original Hitshu Pusankohekaere Omoidemaigo),39
1014,忘れな草 / Wasurena Gusa (잊지못할 잡초) (Original Karaoke),조용필,チョ-·ヨンピル オリジナル·ヒット集 I. 釜山港へ歸れ~想いで迷子 (Original Karaoke),26
1015,恨五百年 (Han Gohyakunen) (原語 / Gengo),조용필,チョ- · ヨンピル オリジナル · ヒット集 I. 釜山港へ歸れ～想いで迷子 (Cho Yongpil Original Hitshu Pusankohekaere Omoidemaigo),39
1016,想いで迷子 2 -悲しみだけで眠れるように- (Omoide Maigo 2) (日本語 / Nihongo),조용필,チョ- · ヨンピル オリジナル · ヒット集 I. 釜山港へ歸れ～想いで迷子 (Cho Yongpil Original Hitshu Pusankohekaere Omoidemaigo),53
1017,想いで迷子 2 -悲しみだけで眠れるように- / Omoide Maigo 2 -Kanashimidakede Nemureruyouni (추억속 미아 2 -슬픔만으로 잠들수있길) (Original Karaoke),조용필,チョ-·ヨンピル オリジナル·ヒット集 I. 釜山港へ歸れ~想いで迷子 (Original Karaoke),27
1018,愛しているから / Aishite Irukara (사랑하고 있으니까) (원어),조용필,チョ- · ヨンピル オリジナル · ヒット集 I. 釜山港へ歸れ～想いで迷子 (Cho Yongpil Original Hitshu Pusankohekaere Omoidemaigo),40
1019,愛の影 (Aino Kage) (原語 日本語 / Gengo Nihongo),조용필,チョ- · ヨンピル オリジナル · ヒット集 I. 釜山港へ歸れ～想いで迷子 (Cho Yongpil Original Hitshu Pusankohekaere Omoidemaigo),39
1020,窓の外の女 (Madono Sotono Onna) (日本語 原語 / Nihongo Gengo),조용필,チョ- · ヨンピル オリジナル · ヒット集 I. 釜山港へ歸れ～想いで迷子 (Cho Yongpil Original Hitshu Pusankohekaere Omoidemaigo),51
1021,窓の外の女 / Madono Sotono Onna (창밖의 여자) (Original Karaoke),조용필,チョ-·ヨンピル オリジナル·ヒット集 I. 釜山港へ歸れ~想いで迷子 (Original Karaoke),29
1022,花風 (Kafu) (原語 日本語 / Gengo Nihongo),조용필,チョ- · ヨンピル オリジナル · ヒット集 I. 釜山港へ歸れ～想いで迷子 (Cho Yongpil Original Hitshu Pusankohekaere Omoidemaigo),39
1023,赤とんぼ (Akatonbo) (日本語 原語 / Nihongo Gengo),조용필,チョ- · ヨンピル オリジナル · ヒット集 I. 釜山港へ歸れ～想いで迷子 (Cho Yongpil Original Hitshu Pusankohekaere Omoidemaigo),125
1024,釜山港へ歸れ (Pusankohe Kaere) (日本語 / Nihongo),조용필,チョ- · ヨンピル オリジナル · ヒット集 I. 釜山港へ歸れ～想いで迷子 (Cho Yongpil Original Hitshu Pusankohekaere Omoidemaigo),115
1025,釜山港へ歸れ (Pusankohe) (原語 / Gengo),조용필,チョ- · ヨンピル オリジナル · ヒット集 I. 釜山港へ歸れ～想いで迷子 (Cho Yongpil Original Hitshu Pusankohekaere Omoidemaigo),55
1026,釜山港へ歸れ / Pusankoe Kaere (돌아와요 부산항에) (Original Karaoke),조용필,チョ-·ヨンピル オリジナル·ヒット集 I. 釜山港へ歸れ~想いで迷子 (Original Karaoke),30
1027,이젠 그랬으면 좋겠네 (MR),Various Artists,위대한 탄생 조용필 명곡 부르기 MR (편곡 Ver.),11
1028,고향 가을 꿈,송골매,The Musician Series - 조용필 / 송골매,5
1029,그대는 나는,송골매,The Musician Series - 조용필 / 송골매,14
1030,꿈 (MR),Various Artists,위대한 탄생 조용필 명곡 부르기 MR (편곡 Ver.),3
1031,나그네들의 축제,송골매,The Musician Series - 조용필 / 송골매,4
1032,단발머리 (MR),Various Artists,위대한 탄생 조용필 명곡 부르기 MR (편곡 Ver.),3
1033,바람,송골매,The Musician Series - 조용필 / 송골매,8
1034,빗물,송골매,The Musician Series - 조용필 / 송골매,20
1035,사슴,송골매,The Musician Series - 조용필 / 송골매,5
1036,산꼭대기 올라가,송골매,The Musician Series - 조용필 / 송골매,9
1037,세상만사,송골매,The Musician Series - 조용필 / 송골매,25
1038,세상모르고 살았노라,송골매,The Musician Series - 조용필 / 송골매,39
1039,스무번째 생일,송골매,The Musician Series - 조용필 / 송골매,6
1040,약속일랑 하지 말아요,송골매,The Musician Series - 조용필 / 송골매,10
1041,오늘 따라,송골매,The Musician Series - 조용필 / 송골매,5
1042,이제 눈물을 거두어야죠,송골매,The Musician Series - 조용필 / 송골매,7
1043,작은 입술,송골매,The Musician Series - 조용필 / 송골매,8
1044,한줄기 빛,송골매,The Musician Series - 조용필 / 송골매,15
1045,세월이 가면,조용필,추억스케치1,17
1046,님이여,조용필,모정의 노래,17
1047,마음속의 그림자,조용필,모정의 노래,14
1048,돌아와요 부산항에,Various Artists,조용필 추억의 색소폰 소리,5
1049,그 겨울의 찻집,Various Artists,조용필 추억의 색소폰 소리,1
1050,기다리는 아픔,Various Artists,조용필 추억의 색소폰 소리,0
1051,모나리자,Various Artists,조용필 추억의 색소폰 소리,1
1052,바람의 노래,Various Artists,조용필 추억의 색소폰 소리,3
1053,바람이 전하는 말,Various Artists,조용필 추억의 색소폰 소리,1
1054,상처,Various Artists,조용필 추억의 색소폰 소리,0
1055,아직도 못다한 사랑,Various Artists,조용필 추억의 색소폰 소리,2
1056,여행을 떠나요,Various Artists,조용필 추억의 색소폰 소리,0
1057,일편단심 민들레야,Various Artists,조용필 추억의 색소폰 소리,0
1058,잊혀진 사랑,Various Artists,조용필 추억의 색소폰 소리,0
1059,창밖의 여자,Various Artists,조용필 추억의 색소폰 소리,2
1060,촛불,Various Artists,조용필 추억의 색소폰 소리,0
1061,추억 속의 재회,Various Artists,조용필 추억의 색소폰 소리,1
1062,친구여,Various Artists,조용필 추억의 색소폰 소리,1
1063,보고싶은친구야,조용필,조용필 특선,13
1064,생각이나네,조용필,조용필 특선,14
1065,여인,조용필,조용필 특선,17
1066,여인 (경음악),조용필,조용필 특선,13
1067,옛일,조용필,조용필 특선,13
1068,꽃순이를 아시나요,조용필,김경호와 슈퍼스타 베스트 오브 베스트,7
1069,정,조용필,김경호와 슈퍼스타 베스트 오브 베스트,9
1070,해변의 여인,조용필,김경호와 슈퍼스타 베스트 오브 베스트,8
1071,HOT Arirang In Dream (꿈의 아리랑),"조용필, 이하늬","아리랑, 마음을 이어주는 세계인의 노래",234
1072,친구여 (조용필 노래) (Cello Ver.),최정주,Romance On String,0
1073,정,조용필,조용필 리사이틀 그리고... 오리지널 진한 찻잔,28
1074,길잃은 철새,조용필,조용필 리사이틀 그리고... 오리지널 진한 찻잔,26
1075,꽃순이를 아시나요,조용필,조용필 리사이틀 그리고... 오리지널 진한 찻잔,49
1076,나의 노래,조용필,조용필 리사이틀 그리고... 오리지널 진한 찻잔,33
1077,너무 짧아요,조용필,조용필 리사이틀 그리고... 오리지널 진한 찻잔,22
1078,님이여,조용필,조용필 리사이틀 그리고... 오리지널 진한 찻잔,24
1079,돌아오지 않는 강,조용필,조용필 리사이틀 그리고... 오리지널 진한 찻잔,28
1080,돌아와요 부산항에,조용필,조용필 리사이틀 그리고... 오리지널 진한 찻잔,30
1081,생각이 나네,조용필,조용필 리사이틀 그리고... 오리지널 진한 찻잔,29
1082,어디로 갔나요,조용필,조용필 리사이틀 그리고... 오리지널 진한 찻잔,26
1083,이별의 순간,조용필,조용필 리사이틀 그리고... 오리지널 진한 찻잔,27
1084,창밖의 여자,조용필,조용필 리사이틀 그리고... 오리지널 진한 찻잔,14
1085,하얀 구름,조용필,조용필 리사이틀 그리고... 오리지널 진한 찻잔,25
1086,한오백년,조용필,조용필 리사이틀 그리고... 오리지널 진한 찻잔,14
1087,해변의 여인,조용필,조용필 리사이틀 그리고... 오리지널 진한 찻잔,25
1088,행복하지요,조용필,조용필 리사이틀 그리고... 오리지널 진한 찻잔,23
1089,내 마음 별과 같이,홍세민,조용필 리사이틀 그리고... 오리지널 진한 찻잔,5
1090,만남,김세화,조용필 리사이틀 그리고... 오리지널 진한 찻잔,3
1091,미운정 고운정,Nami (나미),조용필 리사이틀 그리고... 오리지널 진한 찻잔,19
1092,사랑밖에 난 몰라,심수봉,조용필 리사이틀 그리고... 오리지널 진한 찻잔,8
1093,사랑의 미로,이영하,조용필 리사이틀 그리고... 오리지널 진한 찻잔,4
1094,신토불이,배일호,조용필 리사이틀 그리고... 오리지널 진한 찻잔,8
1095,여자의 일생,이미자,조용필 리사이틀 그리고... 오리지널 진한 찻잔,5
1096,울면서 후회하네,주현미,조용필 리사이틀 그리고... 오리지널 진한 찻잔,15
1097,장모님,배일호,조용필 리사이틀 그리고... 오리지널 진한 찻잔,4
1098,장미빛 스카프,조영남,조용필 리사이틀 그리고... 오리지널 진한 찻잔,8
1099,칠갑산,주병선,조용필 리사이틀 그리고... 오리지널 진한 찻잔,164
1100,허공,강승모,조용필 리사이틀 그리고... 오리지널 진한 찻잔,8
1101,99.9,배일호,조용필 리사이틀 그리고... 오리지널 진한 찻잔,10
1102,花 / Hana (꽃),조용필,Forever Love... Leslie (Enka Best),36
1103,지구촌 어린이,조용필,조용필 어린이동요 Best,17
1104,가을,조용필,조용필 어린이동요 Best,13
1105,가을밤,조용필,조용필 어린이동요 Best,14
1106,겨울나무,조용필,조용필 어린이동요 Best,14
1107,고드름,조용필,조용필 어린이동요 Best,14
1108,고향땅,조용필,조용필 어린이동요 Best,14
1109,고향의 봄,조용필,조용필 어린이동요 Best,15
1110,꽃밭에서,조용필,조용필 어린이동요 Best,14
1111,노을,조용필,조용필 어린이동요 Best,14
1112,눈꽃송이,조용필,조용필 어린이동요 Best,13
1113,따오기,조용필,조용필 어린이동요 Best,13
1114,반달,조용필,조용필 어린이동요 Best,17
1115,산바람 강바람,조용필,조용필 어린이동요 Best,13
1116,앞으로,조용필,조용필 어린이동요 Best,13
1117,어머님 은혜,조용필,조용필 어린이동요 Best,13
1118,오빠생각,조용필,조용필 어린이동요 Best,12
1119,파란마음 하얀마음,조용필,조용필 어린이동요 Best,13
1120,보물찾기,김다혜,조용필 어린이동요 Best,6
1121,비련,조용필,조용필 콘서트 실황음반(일본 Nhk 主崔),62
1122,고추잠자리,조용필,조용필 콘서트 실황음반(일본 Nhk 主崔),30
1123,난 아니야,조용필,조용필 콘서트 실황음반(일본 Nhk 主崔),26
1124,돌아와요 부산항에,조용필,조용필 콘서트 실황음반(일본 Nhk 主崔),38
1125,못찾겠다 꾀꼬리,조용필,조용필 콘서트 실황음반(일본 Nhk 主崔),37
1126,물망초,조용필,조용필 콘서트 실황음반(일본 Nhk 主崔),30
1127,미워 미워 미워,조용필,조용필 콘서트 실황음반(일본 Nhk 主崔),29
1128,생명,조용필,조용필 콘서트 실황음반(일본 Nhk 主崔),31
1129,일편단심 민들레야,조용필,조용필 콘서트 실황음반(일본 Nhk 主崔),23
1130,창밖의 여자,조용필,조용필 콘서트 실황음반(일본 Nhk 主崔),36
1131,촛불,조용필,조용필 콘서트 실황음반(일본 Nhk 主崔),36
1132,대전부르스,조용필,해운대 Live Part Ⅱ,163
1133,돌아와요 부산항에,조용필,돌아와요 부산항에,114
1134,민요 메들리,조용필,해운대 Live Part Ⅰ,80
1135,가랑비,조용필,돌아와요 부산항에,20
1136,고추잠자리,조용필,해운대 Live Part Ⅱ,26
1137,그대 눈물이 마를때,조용필,돌아와요 부산항에,23
1138,나그네 바람,조용필,돌아와요 부산항에,18
1139,내 입술에 그대 눈물,조용필,돌아와요 부산항에,25
1140,너무 짧아요,조용필,해운대 Live Part Ⅰ,21
1141,눈물의 파티,조용필,돌아와요 부산항에,36
1142,단발머리,조용필,해운대 Live Part Ⅱ,24
1143,돌아오지 않는 강,조용필,해운대 Live Part Ⅰ,28
1144,돌아와요 부산항에,조용필,해운대 Live Part Ⅰ,25
1145,무정 유정,조용필,돌아와요 부산항에,24
1146,물망초,조용필,해운대 Live Part Ⅱ,24
1147,미워 미워 미워,조용필,해운대 Live Part Ⅱ,21
1148,바람과 갈대,조용필,돌아와요 부산항에,23
1149,사랑은 아직도 끝나지 않았네,조용필,해운대 Live Part Ⅰ,21
1150,상처,조용필,지난 추억속으로... (장욱조작곡집),11
1151,슬픈 미소,조용필,해운대 Live Part Ⅰ,25
1152,여와 남,조용필,해운대 Live Part Ⅱ,24
1153,영원속으로,조용필,돌아와요 부산항에,20
1154,외로워 마세요,조용필,해운대 Live Part Ⅱ,26
1155,일편 단심 민들레야,조용필,해운대 Live Part Ⅱ,32
1156,잊기로 했네,조용필,해운대 Live Part Ⅰ,21
1157,잊을 수 없는 너,조용필,해운대 Live Part Ⅱ,25
1158,잊혀진 사랑,조용필,해운대 Live Part Ⅰ,25
1159,자존심,조용필,해운대 Live Part Ⅱ,27
1160,정말 모르겠네,조용필,돌아와요 부산항에,22
1161,정의 마음,조용필,돌아와요 부산항에,26
1162,차라리 학이 되리라,조용필,돌아와요 부산항에,23
1163,HOT 창밖의 여자,조용필,돌아와요 부산항에,87
1164,창밖의 여자,조용필,해운대 Live Part Ⅱ,25
1165,촛불,조용필,해운대 Live Part Ⅰ,23
1166,Hello (Feat. 버벌진트),조용필,2013 MelOn Music Awards Nominees,55
1167,'Beethoven' & '조용필',Seoul Pops Orchestra,하성호의 Endless Love 서울팝스오케스트라 창단 22주년 실황연주,0
1168,모나리자 (조용필),슈퍼키드,서바이벌 TOP밴드2 8강 생방송-B,12
1169,단발머리 (조용필),악퉁,서바이벌 TOP밴드2 16강-A,26
1170,동숙의 노래,조용필,조용필의 옛노래,16
1171,지평선은 말이없다,조용필,조용필의 옛노래,17
1172,황포돛대,조용필,조용필의 옛노래,15
1173,오빠생각,조용필,조용필 3집,23
1174,여행을 떠나요 (MR),레인뮤직,조용필 MR 1집,22
1175,바람의 노래,발라드 공장,리메이크로 듣는 조용필 명곡 2집,19
1176,바람의 노래 (MR),레인뮤직,조용필 MR 1집,9
1177,그 겨울의 찻집,조용필,가요모음집 : 겨울 Winter,"1,413"
1178,Bounce - 조용필 (멜로디),음악상자,음악상자 12집,1
1179,여행을 떠나요,조용필,여름 노래 모음,32
1180,들꽃,발라드 공장,리메이크로 듣는 조용필 명곡 3집,9
1181,꿈,발라드 공장,리메이크로 듣는 조용필 명곡 1집,9
1182,미워 미워 미워,발라드 공장,리메이크로 듣는 조용필 명곡 1집,3
1183,바운스,발라드 공장,리메이크로 듣는 조용필 명곡 1집,13
1184,바람이 전하는 말,조용필,밤을 잊은 그대에게 50주년 기념음반 - 내 젊은 날의 가요 50선,251
1185,이젠 그랬으면 좋겠네 (조용필),뮤직 쿠키,피아노 가요연주곡 12,23
1186,내이름은 구름이여,조용필,명작 7080,55
1187,강원도 아리랑,조용필,KBS 가요무대 100선,46
1188,허공,조용필,KBS 가요무대 100선,51
1189,돌아와요 부산항에,조용필,한국의 음악시리즈3 한국의가요,23
1190,단발머리,발라드 공장,리메이크로 듣는 조용필 명곡 3집,13
1191,고독한 러너,발라드 공장,리메이크로 듣는 조용필 명곡 3집,10
1192,나는 너 좋아,발라드 공장,리메이크로 듣는 조용필 명곡 3집,5
1193,내가 어렸을적엔,발라드 공장,리메이크로 듣는 조용필 명곡 3집,6
1194,눈물의 파티,발라드 공장,리메이크로 듣는 조용필 명곡 3집,7
1195,못찾겠다 꾀꼬리,발라드 공장,리메이크로 듣는 조용필 명곡 3집,3
1196,산유화,발라드 공장,리메이크로 듣는 조용필 명곡 3집,3
1197,이젠 그랬으면 좋겠네,발라드 공장,리메이크로 듣는 조용필 명곡 3집,9
1198,잊기로 했네,발라드 공장,리메이크로 듣는 조용필 명곡 3집,7
1199,태양의 눈,발라드 공장,리메이크로 듣는 조용필 명곡 3집,9
1200,한강,발라드 공장,리메이크로 듣는 조용필 명곡 3집,7
1201,그대여,발라드 공장,리메이크로 듣는 조용필 명곡 2집,2
1202,기다리는 아픔,발라드 공장,리메이크로 듣는 조용필 명곡 2집,10
1203,꽃바람,발라드 공장,리메이크로 듣는 조용필 명곡 2집,3
1204,돌아와요 부산항에,발라드 공장,리메이크로 듣는 조용필 명곡 2집,2
1205,미지의 세계,발라드 공장,리메이크로 듣는 조용필 명곡 2집,2
1206,비련,발라드 공장,리메이크로 듣는 조용필 명곡 2집,4
1207,여행을 떠나요,발라드 공장,리메이크로 듣는 조용필 명곡 2집,4
1208,일편단심 민들레야,발라드 공장,리메이크로 듣는 조용필 명곡 2집,2
1209,잊혀진 사랑,발라드 공장,리메이크로 듣는 조용필 명곡 2집,5
1210,촛불,발라드 공장,리메이크로 듣는 조용필 명곡 2집,2
1211,친구여,발라드 공장,리메이크로 듣는 조용필 명곡 2집,4
1212,어제 오늘 그리고,발라드 공장,리메이크로 듣는 조용필 명곡 1집,12
1213,강원도 아리랑,발라드 공장,리메이크로 듣는 조용필 명곡 1집,3
1214,그 겨울의 찻집,발라드 공장,리메이크로 듣는 조용필 명곡 1집,2
1215,마도요,발라드 공장,리메이크로 듣는 조용필 명곡 1집,2
1216,모나리자,발라드 공장,리메이크로 듣는 조용필 명곡 1집,3
1217,물망초,발라드 공장,리메이크로 듣는 조용필 명곡 1집,4
1218,상처,발라드 공장,리메이크로 듣는 조용필 명곡 1집,5
1219,창밖의 여자,발라드 공장,리메이크로 듣는 조용필 명곡 1집,3
1220,허공,발라드 공장,리메이크로 듣는 조용필 명곡 1집,3
1221,이젠 그랬으면 좋겠네 - '나는 가수다 中' 조용필 작곡,Various Artists,당신이 잠든 사이에… (한국인에게 가장 사랑받는 피아노 뉴에이지),0
1222,고추잠자리,조용필,밤을 잊은 그대에게 50주년 기념음반 - 내 젊은 날의 가요 50선,182
1223,친구여,조용필,밤을 잊은 그대에게 50주년 기념음반 - 내 젊은 날의 가요 50선,288
1224,그 겨울의 찻집 (Melody MR),레인뮤직,조용필 MR 1집,9
1225,그 겨울의 찻집 (MR),레인뮤직,조용필 MR 1집,9
1226,꿈 (Melody MR),레인뮤직,조용필 MR 1집,7
1227,꿈 (MR),레인뮤직,조용필 MR 1집,9
1228,단발머리 (Melody MR),레인뮤직,조용필 MR 1집,9
1229,단발머리 (MR),레인뮤직,조용필 MR 1집,10
1230,돌아와요 부산항에 (Melody MR),레인뮤직,조용필 MR 1집,9
1231,돌아와요 부산항에 (MR),레인뮤직,조용필 MR 1집,8
1232,모나리자 (Melody MR),레인뮤직,조용필 MR 1집,9
1233,모나리자 (MR),레인뮤직,조용필 MR 1집,11
1234,못찾겠다 꾀꼬리 (Melody MR),레인뮤직,조용필 MR 1집,8
1235,못찾겠다 꾀꼬리 (MR),레인뮤직,조용필 MR 1집,6
1236,미지의 세계 (Melody MR),레인뮤직,조용필 MR 1집,10
1237,미지의 세계 (MR),레인뮤직,조용필 MR 1집,6
1238,바람의 노래 (Melody MR),레인뮤직,조용필 MR 1집,11
1239,여행을 떠나요 (Melody MR),레인뮤직,조용필 MR 1집,13
1240,창밖의 여자 (Melody MR),레인뮤직,조용필 MR 1집,9
1241,창밖의 여자 (MR),레인뮤직,조용필 MR 1집,7
1242,추억속의 재회 (Melody MR),레인뮤직,조용필 MR 1집,10
1243,추억속의 재회 (MR),레인뮤직,조용필 MR 1집,7
1244,이젠 그랬으면 좋겠네 (조용필) (서바이벌 나는 가수다) (MR),Ist,MGM 최신가요 MR 15,12
1245,그겨울의 찻집 (조용필),김란영,가요교실 Vol.9/10,24
1246,그 겨울의 찻집,조용필,KBS 가요무대 G,90
1247,돌아오지 않는강,조용필,KBS 가요무대 G,84
1248,사랑은 아직도 끝나지 않았네,조용필,KBS 가요무대 G,91
1249,창밖의 여자,조용필,7080 가요산책 Vol.2,95
1250,그 겨울의 찻집,조용필,7080 낭만콘서트,69
1251,상처,조용필,7080 낭만콘서트,38
1252,돌아오지 않는 강,조용필,7080 추억여행 G,33
1253,상처,조용필,7080 추억여행 G,60
1254,돌아와요 부산항에,조용필,KBS 가요무대 100선,67
1255,봄날은 간다,조용필,가요모음집 : 봄 Spring,42
1256,길 잃은 철새,조용필,가요모음집 : 가을 Autumn,29
1257,꽃순이,조용필,히트가요 컬렉션 Vol.4,22
1258,돌아와요 부산항에,조용필,히트가요 컬렉션 Vol.1,21
1259,돌아오지 않는 강,조용필,히트가요 컬렉션 Vol.2,25
1260,정,조용필,히트가요 컬렉션 Vol.5,17
1261,내이름은 구름이여,조용필,히트가요 컬렉션 Vol.6,20
1262,님이여,조용필,우리의 현대가요8,13
1263,님이여,조용필,골든가요 베스트3,13
1264,마음속의 그림자,조용필,골든가요 베스트3,13
1265,세월이가면,조용필,골든가요 베스트3,16
1266,님이여,조용필,기쁜 우리 젊은날의 가요 4집,15
1267,마음속의 그림자,조용필,기쁜 우리 젊은날의 가요 4집,14
1268,세월이 가면,조용필,기쁜 우리 젊은날의 가요 1집,24
1269,Bounce - 조용필 (MR),음악상자,음악상자 12집,3
1270,님이여,조용필,성인가요 골든베스트,19
